Created by PLY version 3.11 (http://www.dabeaz.com/ply)

Grammar

Rule 0     S' -> program
Rule 1     program -> statement_list
Rule 2     statement_list -> statement
Rule 3     statement_list -> statement_list statement
Rule 4     statement -> expression_statement
Rule 5     statement -> block_statement
Rule 6     statement -> var_declaration
Rule 7     statement -> if_statement
Rule 8     statement -> for_statement
Rule 9     statement -> while_statement
Rule 10    statement -> print_statement
Rule 11    statement -> func_declaration
Rule 12    statement -> return_statement
Rule 13    expression_statement -> expression SEMI
Rule 14    expression_statement -> SEMI
Rule 15    block_statement -> LBRACE statement_list RBRACE
Rule 16    var_declaration -> VAR IDENT COLON type SEMI
Rule 17    var_declaration -> VAR IDENT COLON type ASSIGN expression SEMI
Rule 18    type -> TYPE
Rule 19    if_statement -> IF LPAREN expression RPAREN statement
Rule 20    if_statement -> IF LPAREN expression RPAREN statement ELSE statement
Rule 21    for_statement -> FOR LPAREN expression_statement expression_statement expression RPAREN statement
Rule 22    for_statement -> FOR LPAREN var_declaration expression_statement expression RPAREN statement
Rule 23    for_statement -> FOR LPAREN expression_statement expression_statement RPAREN statement
Rule 24    for_statement -> FOR LPAREN var_declaration expression_statement RPAREN statement
Rule 25    for_statement -> FOR LPAREN RPAREN statement
Rule 26    for_statement -> FOR statement
Rule 27    while_statement -> WHILE LPAREN expression RPAREN statement
Rule 28    print_statement -> PRINT LPAREN expression_list RPAREN SEMI
Rule 29    expression_list -> expression
Rule 30    expression_list -> expression_list COMMA expression
Rule 31    expression -> assignment_expression
Rule 32    expression -> logical_or_expression
Rule 33    assignment_expression -> IDENT ASSIGN expression
Rule 34    assignment_expression -> IDENT DECLARE expression
Rule 35    logical_or_expression -> logical_and_expression
Rule 36    logical_or_expression -> logical_or_expression OR logical_and_expression
Rule 37    logical_and_expression -> equality_expression
Rule 38    logical_and_expression -> logical_and_expression AND equality_expression
Rule 39    equality_expression -> relational_expression
Rule 40    equality_expression -> equality_expression EQ relational_expression
Rule 41    equality_expression -> equality_expression NE relational_expression
Rule 42    relational_expression -> additive_expression
Rule 43    relational_expression -> relational_expression LT additive_expression
Rule 44    relational_expression -> relational_expression LE additive_expression
Rule 45    relational_expression -> relational_expression GT additive_expression
Rule 46    relational_expression -> relational_expression GE additive_expression
Rule 47    additive_expression -> multiplicative_expression
Rule 48    additive_expression -> additive_expression PLUS multiplicative_expression
Rule 49    additive_expression -> additive_expression MINUS multiplicative_expression
Rule 50    multiplicative_expression -> unary_expression
Rule 51    multiplicative_expression -> multiplicative_expression TIMES unary_expression
Rule 52    multiplicative_expression -> multiplicative_expression DIVIDE unary_expression
Rule 53    multiplicative_expression -> multiplicative_expression MOD unary_expression
Rule 54    unary_expression -> primary_expression
Rule 55    unary_expression -> MINUS unary_expression
Rule 56    unary_expression -> NOT unary_expression
Rule 57    primary_expression -> IDENT
Rule 58    primary_expression -> NUMBER
Rule 59    primary_expression -> BOOL
Rule 60    primary_expression -> STRING
Rule 61    primary_expression -> LPAREN expression RPAREN
Rule 62    primary_expression -> IDENT LPAREN args RPAREN
Rule 63    args -> expression
Rule 64    args -> args COMMA expression
Rule 65    func_declaration -> FUNC IDENT LPAREN params RPAREN COLON type block_statement
Rule 66    func_declaration -> FUNC IDENT LPAREN RPAREN COLON type block_statement
Rule 67    func_declaration -> FUNC IDENT LPAREN params RPAREN block_statement
Rule 68    func_declaration -> FUNC IDENT LPAREN RPAREN block_statement
Rule 69    params -> param
Rule 70    params -> params COMMA param
Rule 71    param -> IDENT COLON type
Rule 72    return_statement -> RETURN expression SEMI
Rule 73    return_statement -> RETURN SEMI

Terminals, with rules where they appear

AND                  : 38
ASSIGN               : 17 33
BOOL                 : 59
COLON                : 16 17 65 66 71
COMMA                : 30 64 70
DECLARE              : 34
DIVIDE               : 52
ELSE                 : 20
EQ                   : 40
FOR                  : 21 22 23 24 25 26
FUNC                 : 65 66 67 68
GE                   : 46
GT                   : 45
IDENT                : 16 17 33 34 57 62 65 66 67 68 71
IF                   : 19 20
LBRACE               : 15
LE                   : 44
LPAREN               : 19 20 21 22 23 24 25 27 28 61 62 65 66 67 68
LT                   : 43
MINUS                : 49 55
MOD                  : 53
NE                   : 41
NOT                  : 56
NUMBER               : 58
OR                   : 36
PLUS                 : 48
PRINT                : 28
RBRACE               : 15
RETURN               : 72 73
RPAREN               : 19 20 21 22 23 24 25 27 28 61 62 65 66 67 68
SEMI                 : 13 14 16 17 28 72 73
STRING               : 60
TIMES                : 51
TYPE                 : 18
VAR                  : 16 17
WHILE                : 27
error                : 

Nonterminals, with rules where they appear

additive_expression  : 42 43 44 45 46 48 49
args                 : 62 64
assignment_expression : 31
block_statement      : 5 65 66 67 68
equality_expression  : 37 38 40 41
expression           : 13 17 19 20 21 22 27 29 30 33 34 61 63 64 72
expression_list      : 28 30
expression_statement : 4 21 21 22 23 23 24
for_statement        : 8
func_declaration     : 11
if_statement         : 7
logical_and_expression : 35 36 38
logical_or_expression : 32 36
multiplicative_expression : 47 48 49 51 52 53
param                : 69 70
params               : 65 67 70
primary_expression   : 54
print_statement      : 10
program              : 0
relational_expression : 39 40 41 43 44 45 46
return_statement     : 12
statement            : 2 3 19 20 20 21 22 23 24 25 26 27
statement_list       : 1 3 15
type                 : 16 17 65 66 71
unary_expression     : 50 51 52 53 55 56
var_declaration      : 6 22 24
while_statement      : 9

Parsing method: LALR

state 0

    (0) S' -> . program
    (1) program -> . statement_list
    (2) statement_list -> . statement
    (3) statement_list -> . statement_list statement
    (4) statement -> . expression_statement
    (5) statement -> . block_statement
    (6) statement -> . var_declaration
    (7) statement -> . if_statement
    (8) statement -> . for_statement
    (9) statement -> . while_statement
    (10) statement -> . print_statement
    (11) statement -> . func_declaration
    (12) statement -> . return_statement
    (13) expression_statement -> . expression SEMI
    (14) expression_statement -> . SEMI
    (15) block_statement -> . LBRACE statement_list RBRACE
    (16) var_declaration -> . VAR IDENT COLON type SEMI
    (17) var_declaration -> . VAR IDENT COLON type ASSIGN expression SEMI
    (19) if_statement -> . IF LPAREN expression RPAREN statement
    (20) if_statement -> . IF LPAREN expression RPAREN statement ELSE statement
    (21) for_statement -> . FOR LPAREN expression_statement expression_statement expression RPAREN statement
    (22) for_statement -> . FOR LPAREN var_declaration expression_statement expression RPAREN statement
    (23) for_statement -> . FOR LPAREN expression_statement expression_statement RPAREN statement
    (24) for_statement -> . FOR LPAREN var_declaration expression_statement RPAREN statement
    (25) for_statement -> . FOR LPAREN RPAREN statement
    (26) for_statement -> . FOR statement
    (27) while_statement -> . WHILE LPAREN expression RPAREN statement
    (28) print_statement -> . PRINT LPAREN expression_list RPAREN SEMI
    (65) func_declaration -> . FUNC IDENT LPAREN params RPAREN COLON type block_statement
    (66) func_declaration -> . FUNC IDENT LPAREN RPAREN COLON type block_statement
    (67) func_declaration -> . FUNC IDENT LPAREN params RPAREN block_statement
    (68) func_declaration -> . FUNC IDENT LPAREN RPAREN block_statement
    (72) return_statement -> . RETURN expression SEMI
    (73) return_statement -> . RETURN SEMI
    (31) expression -> . assignment_expression
    (32) expression -> . logical_or_expression
    (33) assignment_expression -> . IDENT ASSIGN expression
    (34) assignment_expression -> . IDENT DECLARE expression
    (35) logical_or_expression -> . logical_and_expression
    (36) logical_or_expression -> . logical_or_expression OR logical_and_expression
    (37) logical_and_expression -> . equality_expression
    (38) logical_and_expression -> . logical_and_expression AND equality_expression
    (39) equality_expression -> . relational_expression
    (40) equality_expression -> . equality_expression EQ relational_expression
    (41) equality_expression -> . equality_expression NE relational_expression
    (42) relational_expression -> . additive_expression
    (43) relational_expression -> . relational_expression LT additive_expression
    (44) relational_expression -> . relational_expression LE additive_expression
    (45) relational_expression -> . relational_expression GT additive_expression
    (46) relational_expression -> . relational_expression GE additive_expression
    (47) additive_expression -> . multiplicative_expression
    (48) additive_expression -> . additive_expression PLUS multiplicative_expression
    (49) additive_expression -> . additive_expression MINUS multiplicative_expression
    (50) multiplicative_expression -> . unary_expression
    (51) multiplicative_expression -> . multiplicative_expression TIMES unary_expression
    (52) multiplicative_expression -> . multiplicative_expression DIVIDE unary_expression
    (53) multiplicative_expression -> . multiplicative_expression MOD unary_expression
    (54) unary_expression -> . primary_expression
    (55) unary_expression -> . MINUS unary_expression
    (56) unary_expression -> . NOT unary_expression
    (57) primary_expression -> . IDENT
    (58) primary_expression -> . NUMBER
    (59) primary_expression -> . BOOL
    (60) primary_expression -> . STRING
    (61) primary_expression -> . LPAREN expression RPAREN
    (62) primary_expression -> . IDENT LPAREN args RPAREN

    SEMI            shift and go to state 14
    LBRACE          shift and go to state 15
    VAR             shift and go to state 16
    IF              shift and go to state 18
    FOR             shift and go to state 20
    WHILE           shift and go to state 21
    PRINT           shift and go to state 22
    FUNC            shift and go to state 23
    RETURN          shift and go to state 24
    IDENT           shift and go to state 17
    MINUS           shift and go to state 32
    NOT             shift and go to state 35
    NUMBER          shift and go to state 36
    BOOL            shift and go to state 37
    STRING          shift and go to state 38
    LPAREN          shift and go to state 19

    program                        shift and go to state 1
    statement_list                 shift and go to state 2
    statement                      shift and go to state 3
    expression_statement           shift and go to state 4
    block_statement                shift and go to state 5
    var_declaration                shift and go to state 6
    if_statement                   shift and go to state 7
    for_statement                  shift and go to state 8
    while_statement                shift and go to state 9
    print_statement                shift and go to state 10
    func_declaration               shift and go to state 11
    return_statement               shift and go to state 12
    expression                     shift and go to state 13
    assignment_expression          shift and go to state 25
    logical_or_expression          shift and go to state 26
    logical_and_expression         shift and go to state 27
    equality_expression            shift and go to state 28
    relational_expression          shift and go to state 29
    additive_expression            shift and go to state 30
    multiplicative_expression      shift and go to state 31
    unary_expression               shift and go to state 33
    primary_expression             shift and go to state 34

state 1

    (0) S' -> program .



state 2

    (1) program -> statement_list .
    (3) statement_list -> statement_list . statement
    (4) statement -> . expression_statement
    (5) statement -> . block_statement
    (6) statement -> . var_declaration
    (7) statement -> . if_statement
    (8) statement -> . for_statement
    (9) statement -> . while_statement
    (10) statement -> . print_statement
    (11) statement -> . func_declaration
    (12) statement -> . return_statement
    (13) expression_statement -> . expression SEMI
    (14) expression_statement -> . SEMI
    (15) block_statement -> . LBRACE statement_list RBRACE
    (16) var_declaration -> . VAR IDENT COLON type SEMI
    (17) var_declaration -> . VAR IDENT COLON type ASSIGN expression SEMI
    (19) if_statement -> . IF LPAREN expression RPAREN statement
    (20) if_statement -> . IF LPAREN expression RPAREN statement ELSE statement
    (21) for_statement -> . FOR LPAREN expression_statement expression_statement expression RPAREN statement
    (22) for_statement -> . FOR LPAREN var_declaration expression_statement expression RPAREN statement
    (23) for_statement -> . FOR LPAREN expression_statement expression_statement RPAREN statement
    (24) for_statement -> . FOR LPAREN var_declaration expression_statement RPAREN statement
    (25) for_statement -> . FOR LPAREN RPAREN statement
    (26) for_statement -> . FOR statement
    (27) while_statement -> . WHILE LPAREN expression RPAREN statement
    (28) print_statement -> . PRINT LPAREN expression_list RPAREN SEMI
    (65) func_declaration -> . FUNC IDENT LPAREN params RPAREN COLON type block_statement
    (66) func_declaration -> . FUNC IDENT LPAREN RPAREN COLON type block_statement
    (67) func_declaration -> . FUNC IDENT LPAREN params RPAREN block_statement
    (68) func_declaration -> . FUNC IDENT LPAREN RPAREN block_statement
    (72) return_statement -> . RETURN expression SEMI
    (73) return_statement -> . RETURN SEMI
    (31) expression -> . assignment_expression
    (32) expression -> . logical_or_expression
    (33) assignment_expression -> . IDENT ASSIGN expression
    (34) assignment_expression -> . IDENT DECLARE expression
    (35) logical_or_expression -> . logical_and_expression
    (36) logical_or_expression -> . logical_or_expression OR logical_and_expression
    (37) logical_and_expression -> . equality_expression
    (38) logical_and_expression -> . logical_and_expression AND equality_expression
    (39) equality_expression -> . relational_expression
    (40) equality_expression -> . equality_expression EQ relational_expression
    (41) equality_expression -> . equality_expression NE relational_expression
    (42) relational_expression -> . additive_expression
    (43) relational_expression -> . relational_expression LT additive_expression
    (44) relational_expression -> . relational_expression LE additive_expression
    (45) relational_expression -> . relational_expression GT additive_expression
    (46) relational_expression -> . relational_expression GE additive_expression
    (47) additive_expression -> . multiplicative_expression
    (48) additive_expression -> . additive_expression PLUS multiplicative_expression
    (49) additive_expression -> . additive_expression MINUS multiplicative_expression
    (50) multiplicative_expression -> . unary_expression
    (51) multiplicative_expression -> . multiplicative_expression TIMES unary_expression
    (52) multiplicative_expression -> . multiplicative_expression DIVIDE unary_expression
    (53) multiplicative_expression -> . multiplicative_expression MOD unary_expression
    (54) unary_expression -> . primary_expression
    (55) unary_expression -> . MINUS unary_expression
    (56) unary_expression -> . NOT unary_expression
    (57) primary_expression -> . IDENT
    (58) primary_expression -> . NUMBER
    (59) primary_expression -> . BOOL
    (60) primary_expression -> . STRING
    (61) primary_expression -> . LPAREN expression RPAREN
    (62) primary_expression -> . IDENT LPAREN args RPAREN

    $end            reduce using rule 1 (program -> statement_list .)
    SEMI            shift and go to state 14
    LBRACE          shift and go to state 15
    VAR             shift and go to state 16
    IF              shift and go to state 18
    FOR             shift and go to state 20
    WHILE           shift and go to state 21
    PRINT           shift and go to state 22
    FUNC            shift and go to state 23
    RETURN          shift and go to state 24
    IDENT           shift and go to state 17
    MINUS           shift and go to state 32
    NOT             shift and go to state 35
    NUMBER          shift and go to state 36
    BOOL            shift and go to state 37
    STRING          shift and go to state 38
    LPAREN          shift and go to state 19

    statement                      shift and go to state 39
    expression_statement           shift and go to state 4
    block_statement                shift and go to state 5
    var_declaration                shift and go to state 6
    if_statement                   shift and go to state 7
    for_statement                  shift and go to state 8
    while_statement                shift and go to state 9
    print_statement                shift and go to state 10
    func_declaration               shift and go to state 11
    return_statement               shift and go to state 12
    expression                     shift and go to state 13
    assignment_expression          shift and go to state 25
    logical_or_expression          shift and go to state 26
    logical_and_expression         shift and go to state 27
    equality_expression            shift and go to state 28
    relational_expression          shift and go to state 29
    additive_expression            shift and go to state 30
    multiplicative_expression      shift and go to state 31
    unary_expression               shift and go to state 33
    primary_expression             shift and go to state 34

state 3

    (2) statement_list -> statement .

    SEMI            reduce using rule 2 (statement_list -> statement .)
    LBRACE          reduce using rule 2 (statement_list -> statement .)
    VAR             reduce using rule 2 (statement_list -> statement .)
    IF              reduce using rule 2 (statement_list -> statement .)
    FOR             reduce using rule 2 (statement_list -> statement .)
    WHILE           reduce using rule 2 (statement_list -> statement .)
    PRINT           reduce using rule 2 (statement_list -> statement .)
    FUNC            reduce using rule 2 (statement_list -> statement .)
    RETURN          reduce using rule 2 (statement_list -> statement .)
    IDENT           reduce using rule 2 (statement_list -> statement .)
    MINUS           reduce using rule 2 (statement_list -> statement .)
    NOT             reduce using rule 2 (statement_list -> statement .)
    NUMBER          reduce using rule 2 (statement_list -> statement .)
    BOOL            reduce using rule 2 (statement_list -> statement .)
    STRING          reduce using rule 2 (statement_list -> statement .)
    LPAREN          reduce using rule 2 (statement_list -> statement .)
    $end            reduce using rule 2 (statement_list -> statement .)
    RBRACE          reduce using rule 2 (statement_list -> statement .)


state 4

    (4) statement -> expression_statement .

    SEMI            reduce using rule 4 (statement -> expression_statement .)
    LBRACE          reduce using rule 4 (statement -> expression_statement .)
    VAR             reduce using rule 4 (statement -> expression_statement .)
    IF              reduce using rule 4 (statement -> expression_statement .)
    FOR             reduce using rule 4 (statement -> expression_statement .)
    WHILE           reduce using rule 4 (statement -> expression_statement .)
    PRINT           reduce using rule 4 (statement -> expression_statement .)
    FUNC            reduce using rule 4 (statement -> expression_statement .)
    RETURN          reduce using rule 4 (statement -> expression_statement .)
    IDENT           reduce using rule 4 (statement -> expression_statement .)
    MINUS           reduce using rule 4 (statement -> expression_statement .)
    NOT             reduce using rule 4 (statement -> expression_statement .)
    NUMBER          reduce using rule 4 (statement -> expression_statement .)
    BOOL            reduce using rule 4 (statement -> expression_statement .)
    STRING          reduce using rule 4 (statement -> expression_statement .)
    LPAREN          reduce using rule 4 (statement -> expression_statement .)
    $end            reduce using rule 4 (statement -> expression_statement .)
    RBRACE          reduce using rule 4 (statement -> expression_statement .)
    ELSE            reduce using rule 4 (statement -> expression_statement .)


state 5

    (5) statement -> block_statement .

    SEMI            reduce using rule 5 (statement -> block_statement .)
    LBRACE          reduce using rule 5 (statement -> block_statement .)
    VAR             reduce using rule 5 (statement -> block_statement .)
    IF              reduce using rule 5 (statement -> block_statement .)
    FOR             reduce using rule 5 (statement -> block_statement .)
    WHILE           reduce using rule 5 (statement -> block_statement .)
    PRINT           reduce using rule 5 (statement -> block_statement .)
    FUNC            reduce using rule 5 (statement -> block_statement .)
    RETURN          reduce using rule 5 (statement -> block_statement .)
    IDENT           reduce using rule 5 (statement -> block_statement .)
    MINUS           reduce using rule 5 (statement -> block_statement .)
    NOT             reduce using rule 5 (statement -> block_statement .)
    NUMBER          reduce using rule 5 (statement -> block_statement .)
    BOOL            reduce using rule 5 (statement -> block_statement .)
    STRING          reduce using rule 5 (statement -> block_statement .)
    LPAREN          reduce using rule 5 (statement -> block_statement .)
    $end            reduce using rule 5 (statement -> block_statement .)
    RBRACE          reduce using rule 5 (statement -> block_statement .)
    ELSE            reduce using rule 5 (statement -> block_statement .)


state 6

    (6) statement -> var_declaration .

    SEMI            reduce using rule 6 (statement -> var_declaration .)
    LBRACE          reduce using rule 6 (statement -> var_declaration .)
    VAR             reduce using rule 6 (statement -> var_declaration .)
    IF              reduce using rule 6 (statement -> var_declaration .)
    FOR             reduce using rule 6 (statement -> var_declaration .)
    WHILE           reduce using rule 6 (statement -> var_declaration .)
    PRINT           reduce using rule 6 (statement -> var_declaration .)
    FUNC            reduce using rule 6 (statement -> var_declaration .)
    RETURN          reduce using rule 6 (statement -> var_declaration .)
    IDENT           reduce using rule 6 (statement -> var_declaration .)
    MINUS           reduce using rule 6 (statement -> var_declaration .)
    NOT             reduce using rule 6 (statement -> var_declaration .)
    NUMBER          reduce using rule 6 (statement -> var_declaration .)
    BOOL            reduce using rule 6 (statement -> var_declaration .)
    STRING          reduce using rule 6 (statement -> var_declaration .)
    LPAREN          reduce using rule 6 (statement -> var_declaration .)
    $end            reduce using rule 6 (statement -> var_declaration .)
    RBRACE          reduce using rule 6 (statement -> var_declaration .)
    ELSE            reduce using rule 6 (statement -> var_declaration .)


state 7

    (7) statement -> if_statement .

    SEMI            reduce using rule 7 (statement -> if_statement .)
    LBRACE          reduce using rule 7 (statement -> if_statement .)
    VAR             reduce using rule 7 (statement -> if_statement .)
    IF              reduce using rule 7 (statement -> if_statement .)
    FOR             reduce using rule 7 (statement -> if_statement .)
    WHILE           reduce using rule 7 (statement -> if_statement .)
    PRINT           reduce using rule 7 (statement -> if_statement .)
    FUNC            reduce using rule 7 (statement -> if_statement .)
    RETURN          reduce using rule 7 (statement -> if_statement .)
    IDENT           reduce using rule 7 (statement -> if_statement .)
    MINUS           reduce using rule 7 (statement -> if_statement .)
    NOT             reduce using rule 7 (statement -> if_statement .)
    NUMBER          reduce using rule 7 (statement -> if_statement .)
    BOOL            reduce using rule 7 (statement -> if_statement .)
    STRING          reduce using rule 7 (statement -> if_statement .)
    LPAREN          reduce using rule 7 (statement -> if_statement .)
    $end            reduce using rule 7 (statement -> if_statement .)
    RBRACE          reduce using rule 7 (statement -> if_statement .)
    ELSE            reduce using rule 7 (statement -> if_statement .)


state 8

    (8) statement -> for_statement .

    SEMI            reduce using rule 8 (statement -> for_statement .)
    LBRACE          reduce using rule 8 (statement -> for_statement .)
    VAR             reduce using rule 8 (statement -> for_statement .)
    IF              reduce using rule 8 (statement -> for_statement .)
    FOR             reduce using rule 8 (statement -> for_statement .)
    WHILE           reduce using rule 8 (statement -> for_statement .)
    PRINT           reduce using rule 8 (statement -> for_statement .)
    FUNC            reduce using rule 8 (statement -> for_statement .)
    RETURN          reduce using rule 8 (statement -> for_statement .)
    IDENT           reduce using rule 8 (statement -> for_statement .)
    MINUS           reduce using rule 8 (statement -> for_statement .)
    NOT             reduce using rule 8 (statement -> for_statement .)
    NUMBER          reduce using rule 8 (statement -> for_statement .)
    BOOL            reduce using rule 8 (statement -> for_statement .)
    STRING          reduce using rule 8 (statement -> for_statement .)
    LPAREN          reduce using rule 8 (statement -> for_statement .)
    $end            reduce using rule 8 (statement -> for_statement .)
    RBRACE          reduce using rule 8 (statement -> for_statement .)
    ELSE            reduce using rule 8 (statement -> for_statement .)


state 9

    (9) statement -> while_statement .

    SEMI            reduce using rule 9 (statement -> while_statement .)
    LBRACE          reduce using rule 9 (statement -> while_statement .)
    VAR             reduce using rule 9 (statement -> while_statement .)
    IF              reduce using rule 9 (statement -> while_statement .)
    FOR             reduce using rule 9 (statement -> while_statement .)
    WHILE           reduce using rule 9 (statement -> while_statement .)
    PRINT           reduce using rule 9 (statement -> while_statement .)
    FUNC            reduce using rule 9 (statement -> while_statement .)
    RETURN          reduce using rule 9 (statement -> while_statement .)
    IDENT           reduce using rule 9 (statement -> while_statement .)
    MINUS           reduce using rule 9 (statement -> while_statement .)
    NOT             reduce using rule 9 (statement -> while_statement .)
    NUMBER          reduce using rule 9 (statement -> while_statement .)
    BOOL            reduce using rule 9 (statement -> while_statement .)
    STRING          reduce using rule 9 (statement -> while_statement .)
    LPAREN          reduce using rule 9 (statement -> while_statement .)
    $end            reduce using rule 9 (statement -> while_statement .)
    RBRACE          reduce using rule 9 (statement -> while_statement .)
    ELSE            reduce using rule 9 (statement -> while_statement .)


state 10

    (10) statement -> print_statement .

    SEMI            reduce using rule 10 (statement -> print_statement .)
    LBRACE          reduce using rule 10 (statement -> print_statement .)
    VAR             reduce using rule 10 (statement -> print_statement .)
    IF              reduce using rule 10 (statement -> print_statement .)
    FOR             reduce using rule 10 (statement -> print_statement .)
    WHILE           reduce using rule 10 (statement -> print_statement .)
    PRINT           reduce using rule 10 (statement -> print_statement .)
    FUNC            reduce using rule 10 (statement -> print_statement .)
    RETURN          reduce using rule 10 (statement -> print_statement .)
    IDENT           reduce using rule 10 (statement -> print_statement .)
    MINUS           reduce using rule 10 (statement -> print_statement .)
    NOT             reduce using rule 10 (statement -> print_statement .)
    NUMBER          reduce using rule 10 (statement -> print_statement .)
    BOOL            reduce using rule 10 (statement -> print_statement .)
    STRING          reduce using rule 10 (statement -> print_statement .)
    LPAREN          reduce using rule 10 (statement -> print_statement .)
    $end            reduce using rule 10 (statement -> print_statement .)
    RBRACE          reduce using rule 10 (statement -> print_statement .)
    ELSE            reduce using rule 10 (statement -> print_statement .)


state 11

    (11) statement -> func_declaration .

    SEMI            reduce using rule 11 (statement -> func_declaration .)
    LBRACE          reduce using rule 11 (statement -> func_declaration .)
    VAR             reduce using rule 11 (statement -> func_declaration .)
    IF              reduce using rule 11 (statement -> func_declaration .)
    FOR             reduce using rule 11 (statement -> func_declaration .)
    WHILE           reduce using rule 11 (statement -> func_declaration .)
    PRINT           reduce using rule 11 (statement -> func_declaration .)
    FUNC            reduce using rule 11 (statement -> func_declaration .)
    RETURN          reduce using rule 11 (statement -> func_declaration .)
    IDENT           reduce using rule 11 (statement -> func_declaration .)
    MINUS           reduce using rule 11 (statement -> func_declaration .)
    NOT             reduce using rule 11 (statement -> func_declaration .)
    NUMBER          reduce using rule 11 (statement -> func_declaration .)
    BOOL            reduce using rule 11 (statement -> func_declaration .)
    STRING          reduce using rule 11 (statement -> func_declaration .)
    LPAREN          reduce using rule 11 (statement -> func_declaration .)
    $end            reduce using rule 11 (statement -> func_declaration .)
    RBRACE          reduce using rule 11 (statement -> func_declaration .)
    ELSE            reduce using rule 11 (statement -> func_declaration .)


state 12

    (12) statement -> return_statement .

    SEMI            reduce using rule 12 (statement -> return_statement .)
    LBRACE          reduce using rule 12 (statement -> return_statement .)
    VAR             reduce using rule 12 (statement -> return_statement .)
    IF              reduce using rule 12 (statement -> return_statement .)
    FOR             reduce using rule 12 (statement -> return_statement .)
    WHILE           reduce using rule 12 (statement -> return_statement .)
    PRINT           reduce using rule 12 (statement -> return_statement .)
    FUNC            reduce using rule 12 (statement -> return_statement .)
    RETURN          reduce using rule 12 (statement -> return_statement .)
    IDENT           reduce using rule 12 (statement -> return_statement .)
    MINUS           reduce using rule 12 (statement -> return_statement .)
    NOT             reduce using rule 12 (statement -> return_statement .)
    NUMBER          reduce using rule 12 (statement -> return_statement .)
    BOOL            reduce using rule 12 (statement -> return_statement .)
    STRING          reduce using rule 12 (statement -> return_statement .)
    LPAREN          reduce using rule 12 (statement -> return_statement .)
    $end            reduce using rule 12 (statement -> return_statement .)
    RBRACE          reduce using rule 12 (statement -> return_statement .)
    ELSE            reduce using rule 12 (statement -> return_statement .)


state 13

    (13) expression_statement -> expression . SEMI

    SEMI            shift and go to state 40


state 14

    (14) expression_statement -> SEMI .

    SEMI            reduce using rule 14 (expression_statement -> SEMI .)
    LBRACE          reduce using rule 14 (expression_statement -> SEMI .)
    VAR             reduce using rule 14 (expression_statement -> SEMI .)
    IF              reduce using rule 14 (expression_statement -> SEMI .)
    FOR             reduce using rule 14 (expression_statement -> SEMI .)
    WHILE           reduce using rule 14 (expression_statement -> SEMI .)
    PRINT           reduce using rule 14 (expression_statement -> SEMI .)
    FUNC            reduce using rule 14 (expression_statement -> SEMI .)
    RETURN          reduce using rule 14 (expression_statement -> SEMI .)
    IDENT           reduce using rule 14 (expression_statement -> SEMI .)
    MINUS           reduce using rule 14 (expression_statement -> SEMI .)
    NOT             reduce using rule 14 (expression_statement -> SEMI .)
    NUMBER          reduce using rule 14 (expression_statement -> SEMI .)
    BOOL            reduce using rule 14 (expression_statement -> SEMI .)
    STRING          reduce using rule 14 (expression_statement -> SEMI .)
    LPAREN          reduce using rule 14 (expression_statement -> SEMI .)
    $end            reduce using rule 14 (expression_statement -> SEMI .)
    RBRACE          reduce using rule 14 (expression_statement -> SEMI .)
    ELSE            reduce using rule 14 (expression_statement -> SEMI .)
    RPAREN          reduce using rule 14 (expression_statement -> SEMI .)


state 15

    (15) block_statement -> LBRACE . statement_list RBRACE
    (2) statement_list -> . statement
    (3) statement_list -> . statement_list statement
    (4) statement -> . expression_statement
    (5) statement -> . block_statement
    (6) statement -> . var_declaration
    (7) statement -> . if_statement
    (8) statement -> . for_statement
    (9) statement -> . while_statement
    (10) statement -> . print_statement
    (11) statement -> . func_declaration
    (12) statement -> . return_statement
    (13) expression_statement -> . expression SEMI
    (14) expression_statement -> . SEMI
    (15) block_statement -> . LBRACE statement_list RBRACE
    (16) var_declaration -> . VAR IDENT COLON type SEMI
    (17) var_declaration -> . VAR IDENT COLON type ASSIGN expression SEMI
    (19) if_statement -> . IF LPAREN expression RPAREN statement
    (20) if_statement -> . IF LPAREN expression RPAREN statement ELSE statement
    (21) for_statement -> . FOR LPAREN expression_statement expression_statement expression RPAREN statement
    (22) for_statement -> . FOR LPAREN var_declaration expression_statement expression RPAREN statement
    (23) for_statement -> . FOR LPAREN expression_statement expression_statement RPAREN statement
    (24) for_statement -> . FOR LPAREN var_declaration expression_statement RPAREN statement
    (25) for_statement -> . FOR LPAREN RPAREN statement
    (26) for_statement -> . FOR statement
    (27) while_statement -> . WHILE LPAREN expression RPAREN statement
    (28) print_statement -> . PRINT LPAREN expression_list RPAREN SEMI
    (65) func_declaration -> . FUNC IDENT LPAREN params RPAREN COLON type block_statement
    (66) func_declaration -> . FUNC IDENT LPAREN RPAREN COLON type block_statement
    (67) func_declaration -> . FUNC IDENT LPAREN params RPAREN block_statement
    (68) func_declaration -> . FUNC IDENT LPAREN RPAREN block_statement
    (72) return_statement -> . RETURN expression SEMI
    (73) return_statement -> . RETURN SEMI
    (31) expression -> . assignment_expression
    (32) expression -> . logical_or_expression
    (33) assignment_expression -> . IDENT ASSIGN expression
    (34) assignment_expression -> . IDENT DECLARE expression
    (35) logical_or_expression -> . logical_and_expression
    (36) logical_or_expression -> . logical_or_expression OR logical_and_expression
    (37) logical_and_expression -> . equality_expression
    (38) logical_and_expression -> . logical_and_expression AND equality_expression
    (39) equality_expression -> . relational_expression
    (40) equality_expression -> . equality_expression EQ relational_expression
    (41) equality_expression -> . equality_expression NE relational_expression
    (42) relational_expression -> . additive_expression
    (43) relational_expression -> . relational_expression LT additive_expression
    (44) relational_expression -> . relational_expression LE additive_expression
    (45) relational_expression -> . relational_expression GT additive_expression
    (46) relational_expression -> . relational_expression GE additive_expression
    (47) additive_expression -> . multiplicative_expression
    (48) additive_expression -> . additive_expression PLUS multiplicative_expression
    (49) additive_expression -> . additive_expression MINUS multiplicative_expression
    (50) multiplicative_expression -> . unary_expression
    (51) multiplicative_expression -> . multiplicative_expression TIMES unary_expression
    (52) multiplicative_expression -> . multiplicative_expression DIVIDE unary_expression
    (53) multiplicative_expression -> . multiplicative_expression MOD unary_expression
    (54) unary_expression -> . primary_expression
    (55) unary_expression -> . MINUS unary_expression
    (56) unary_expression -> . NOT unary_expression
    (57) primary_expression -> . IDENT
    (58) primary_expression -> . NUMBER
    (59) primary_expression -> . BOOL
    (60) primary_expression -> . STRING
    (61) primary_expression -> . LPAREN expression RPAREN
    (62) primary_expression -> . IDENT LPAREN args RPAREN

    SEMI            shift and go to state 14
    LBRACE          shift and go to state 15
    VAR             shift and go to state 16
    IF              shift and go to state 18
    FOR             shift and go to state 20
    WHILE           shift and go to state 21
    PRINT           shift and go to state 22
    FUNC            shift and go to state 23
    RETURN          shift and go to state 24
    IDENT           shift and go to state 17
    MINUS           shift and go to state 32
    NOT             shift and go to state 35
    NUMBER          shift and go to state 36
    BOOL            shift and go to state 37
    STRING          shift and go to state 38
    LPAREN          shift and go to state 19

    statement_list                 shift and go to state 41
    statement                      shift and go to state 3
    expression_statement           shift and go to state 4
    block_statement                shift and go to state 5
    var_declaration                shift and go to state 6
    if_statement                   shift and go to state 7
    for_statement                  shift and go to state 8
    while_statement                shift and go to state 9
    print_statement                shift and go to state 10
    func_declaration               shift and go to state 11
    return_statement               shift and go to state 12
    expression                     shift and go to state 13
    assignment_expression          shift and go to state 25
    logical_or_expression          shift and go to state 26
    logical_and_expression         shift and go to state 27
    equality_expression            shift and go to state 28
    relational_expression          shift and go to state 29
    additive_expression            shift and go to state 30
    multiplicative_expression      shift and go to state 31
    unary_expression               shift and go to state 33
    primary_expression             shift and go to state 34

state 16

    (16) var_declaration -> VAR . IDENT COLON type SEMI
    (17) var_declaration -> VAR . IDENT COLON type ASSIGN expression SEMI

    IDENT           shift and go to state 42


state 17

    (33) assignment_expression -> IDENT . ASSIGN expression
    (34) assignment_expression -> IDENT . DECLARE expression
    (57) primary_expression -> IDENT .
    (62) primary_expression -> IDENT . LPAREN args RPAREN

    ASSIGN          shift and go to state 43
    DECLARE         shift and go to state 44
    TIMES           reduce using rule 57 (primary_expression -> IDENT .)
    DIVIDE          reduce using rule 57 (primary_expression -> IDENT .)
    MOD             reduce using rule 57 (primary_expression -> IDENT .)
    PLUS            reduce using rule 57 (primary_expression -> IDENT .)
    MINUS           reduce using rule 57 (primary_expression -> IDENT .)
    LT              reduce using rule 57 (primary_expression -> IDENT .)
    LE              reduce using rule 57 (primary_expression -> IDENT .)
    GT              reduce using rule 57 (primary_expression -> IDENT .)
    GE              reduce using rule 57 (primary_expression -> IDENT .)
    EQ              reduce using rule 57 (primary_expression -> IDENT .)
    NE              reduce using rule 57 (primary_expression -> IDENT .)
    AND             reduce using rule 57 (primary_expression -> IDENT .)
    OR              reduce using rule 57 (primary_expression -> IDENT .)
    SEMI            reduce using rule 57 (primary_expression -> IDENT .)
    RPAREN          reduce using rule 57 (primary_expression -> IDENT .)
    COMMA           reduce using rule 57 (primary_expression -> IDENT .)
    LPAREN          shift and go to state 45


state 18

    (19) if_statement -> IF . LPAREN expression RPAREN statement
    (20) if_statement -> IF . LPAREN expression RPAREN statement ELSE statement

    LPAREN          shift and go to state 46


state 19

    (61) primary_expression -> LPAREN . expression RPAREN
    (31) expression -> . assignment_expression
    (32) expression -> . logical_or_expression
    (33) assignment_expression -> . IDENT ASSIGN expression
    (34) assignment_expression -> . IDENT DECLARE expression
    (35) logical_or_expression -> . logical_and_expression
    (36) logical_or_expression -> . logical_or_expression OR logical_and_expression
    (37) logical_and_expression -> . equality_expression
    (38) logical_and_expression -> . logical_and_expression AND equality_expression
    (39) equality_expression -> . relational_expression
    (40) equality_expression -> . equality_expression EQ relational_expression
    (41) equality_expression -> . equality_expression NE relational_expression
    (42) relational_expression -> . additive_expression
    (43) relational_expression -> . relational_expression LT additive_expression
    (44) relational_expression -> . relational_expression LE additive_expression
    (45) relational_expression -> . relational_expression GT additive_expression
    (46) relational_expression -> . relational_expression GE additive_expression
    (47) additive_expression -> . multiplicative_expression
    (48) additive_expression -> . additive_expression PLUS multiplicative_expression
    (49) additive_expression -> . additive_expression MINUS multiplicative_expression
    (50) multiplicative_expression -> . unary_expression
    (51) multiplicative_expression -> . multiplicative_expression TIMES unary_expression
    (52) multiplicative_expression -> . multiplicative_expression DIVIDE unary_expression
    (53) multiplicative_expression -> . multiplicative_expression MOD unary_expression
    (54) unary_expression -> . primary_expression
    (55) unary_expression -> . MINUS unary_expression
    (56) unary_expression -> . NOT unary_expression
    (57) primary_expression -> . IDENT
    (58) primary_expression -> . NUMBER
    (59) primary_expression -> . BOOL
    (60) primary_expression -> . STRING
    (61) primary_expression -> . LPAREN expression RPAREN
    (62) primary_expression -> . IDENT LPAREN args RPAREN

    IDENT           shift and go to state 17
    MINUS           shift and go to state 32
    NOT             shift and go to state 35
    NUMBER          shift and go to state 36
    BOOL            shift and go to state 37
    STRING          shift and go to state 38
    LPAREN          shift and go to state 19

    expression                     shift and go to state 47
    assignment_expression          shift and go to state 25
    logical_or_expression          shift and go to state 26
    logical_and_expression         shift and go to state 27
    equality_expression            shift and go to state 28
    relational_expression          shift and go to state 29
    additive_expression            shift and go to state 30
    multiplicative_expression      shift and go to state 31
    unary_expression               shift and go to state 33
    primary_expression             shift and go to state 34

state 20

    (21) for_statement -> FOR . LPAREN expression_statement expression_statement expression RPAREN statement
    (22) for_statement -> FOR . LPAREN var_declaration expression_statement expression RPAREN statement
    (23) for_statement -> FOR . LPAREN expression_statement expression_statement RPAREN statement
    (24) for_statement -> FOR . LPAREN var_declaration expression_statement RPAREN statement
    (25) for_statement -> FOR . LPAREN RPAREN statement
    (26) for_statement -> FOR . statement
    (4) statement -> . expression_statement
    (5) statement -> . block_statement
    (6) statement -> . var_declaration
    (7) statement -> . if_statement
    (8) statement -> . for_statement
    (9) statement -> . while_statement
    (10) statement -> . print_statement
    (11) statement -> . func_declaration
    (12) statement -> . return_statement
    (13) expression_statement -> . expression SEMI
    (14) expression_statement -> . SEMI
    (15) block_statement -> . LBRACE statement_list RBRACE
    (16) var_declaration -> . VAR IDENT COLON type SEMI
    (17) var_declaration -> . VAR IDENT COLON type ASSIGN expression SEMI
    (19) if_statement -> . IF LPAREN expression RPAREN statement
    (20) if_statement -> . IF LPAREN expression RPAREN statement ELSE statement
    (21) for_statement -> . FOR LPAREN expression_statement expression_statement expression RPAREN statement
    (22) for_statement -> . FOR LPAREN var_declaration expression_statement expression RPAREN statement
    (23) for_statement -> . FOR LPAREN expression_statement expression_statement RPAREN statement
    (24) for_statement -> . FOR LPAREN var_declaration expression_statement RPAREN statement
    (25) for_statement -> . FOR LPAREN RPAREN statement
    (26) for_statement -> . FOR statement
    (27) while_statement -> . WHILE LPAREN expression RPAREN statement
    (28) print_statement -> . PRINT LPAREN expression_list RPAREN SEMI
    (65) func_declaration -> . FUNC IDENT LPAREN params RPAREN COLON type block_statement
    (66) func_declaration -> . FUNC IDENT LPAREN RPAREN COLON type block_statement
    (67) func_declaration -> . FUNC IDENT LPAREN params RPAREN block_statement
    (68) func_declaration -> . FUNC IDENT LPAREN RPAREN block_statement
    (72) return_statement -> . RETURN expression SEMI
    (73) return_statement -> . RETURN SEMI
    (31) expression -> . assignment_expression
    (32) expression -> . logical_or_expression
    (33) assignment_expression -> . IDENT ASSIGN expression
    (34) assignment_expression -> . IDENT DECLARE expression
    (35) logical_or_expression -> . logical_and_expression
    (36) logical_or_expression -> . logical_or_expression OR logical_and_expression
    (37) logical_and_expression -> . equality_expression
    (38) logical_and_expression -> . logical_and_expression AND equality_expression
    (39) equality_expression -> . relational_expression
    (40) equality_expression -> . equality_expression EQ relational_expression
    (41) equality_expression -> . equality_expression NE relational_expression
    (42) relational_expression -> . additive_expression
    (43) relational_expression -> . relational_expression LT additive_expression
    (44) relational_expression -> . relational_expression LE additive_expression
    (45) relational_expression -> . relational_expression GT additive_expression
    (46) relational_expression -> . relational_expression GE additive_expression
    (47) additive_expression -> . multiplicative_expression
    (48) additive_expression -> . additive_expression PLUS multiplicative_expression
    (49) additive_expression -> . additive_expression MINUS multiplicative_expression
    (50) multiplicative_expression -> . unary_expression
    (51) multiplicative_expression -> . multiplicative_expression TIMES unary_expression
    (52) multiplicative_expression -> . multiplicative_expression DIVIDE unary_expression
    (53) multiplicative_expression -> . multiplicative_expression MOD unary_expression
    (54) unary_expression -> . primary_expression
    (55) unary_expression -> . MINUS unary_expression
    (56) unary_expression -> . NOT unary_expression
    (57) primary_expression -> . IDENT
    (58) primary_expression -> . NUMBER
    (59) primary_expression -> . BOOL
    (60) primary_expression -> . STRING
    (61) primary_expression -> . LPAREN expression RPAREN
    (62) primary_expression -> . IDENT LPAREN args RPAREN

    LPAREN          shift and go to state 48
    SEMI            shift and go to state 14
    LBRACE          shift and go to state 15
    VAR             shift and go to state 16
    IF              shift and go to state 18
    FOR             shift and go to state 20
    WHILE           shift and go to state 21
    PRINT           shift and go to state 22
    FUNC            shift and go to state 23
    RETURN          shift and go to state 24
    IDENT           shift and go to state 17
    MINUS           shift and go to state 32
    NOT             shift and go to state 35
    NUMBER          shift and go to state 36
    BOOL            shift and go to state 37
    STRING          shift and go to state 38

    expression_statement           shift and go to state 4
    expression                     shift and go to state 13
    statement                      shift and go to state 49
    var_declaration                shift and go to state 6
    block_statement                shift and go to state 5
    if_statement                   shift and go to state 7
    for_statement                  shift and go to state 8
    while_statement                shift and go to state 9
    print_statement                shift and go to state 10
    func_declaration               shift and go to state 11
    return_statement               shift and go to state 12
    assignment_expression          shift and go to state 25
    logical_or_expression          shift and go to state 26
    logical_and_expression         shift and go to state 27
    equality_expression            shift and go to state 28
    relational_expression          shift and go to state 29
    additive_expression            shift and go to state 30
    multiplicative_expression      shift and go to state 31
    unary_expression               shift and go to state 33
    primary_expression             shift and go to state 34

state 21

    (27) while_statement -> WHILE . LPAREN expression RPAREN statement

    LPAREN          shift and go to state 50


state 22

    (28) print_statement -> PRINT . LPAREN expression_list RPAREN SEMI

    LPAREN          shift and go to state 51


state 23

    (65) func_declaration -> FUNC . IDENT LPAREN params RPAREN COLON type block_statement
    (66) func_declaration -> FUNC . IDENT LPAREN RPAREN COLON type block_statement
    (67) func_declaration -> FUNC . IDENT LPAREN params RPAREN block_statement
    (68) func_declaration -> FUNC . IDENT LPAREN RPAREN block_statement

    IDENT           shift and go to state 52


state 24

    (72) return_statement -> RETURN . expression SEMI
    (73) return_statement -> RETURN . SEMI
    (31) expression -> . assignment_expression
    (32) expression -> . logical_or_expression
    (33) assignment_expression -> . IDENT ASSIGN expression
    (34) assignment_expression -> . IDENT DECLARE expression
    (35) logical_or_expression -> . logical_and_expression
    (36) logical_or_expression -> . logical_or_expression OR logical_and_expression
    (37) logical_and_expression -> . equality_expression
    (38) logical_and_expression -> . logical_and_expression AND equality_expression
    (39) equality_expression -> . relational_expression
    (40) equality_expression -> . equality_expression EQ relational_expression
    (41) equality_expression -> . equality_expression NE relational_expression
    (42) relational_expression -> . additive_expression
    (43) relational_expression -> . relational_expression LT additive_expression
    (44) relational_expression -> . relational_expression LE additive_expression
    (45) relational_expression -> . relational_expression GT additive_expression
    (46) relational_expression -> . relational_expression GE additive_expression
    (47) additive_expression -> . multiplicative_expression
    (48) additive_expression -> . additive_expression PLUS multiplicative_expression
    (49) additive_expression -> . additive_expression MINUS multiplicative_expression
    (50) multiplicative_expression -> . unary_expression
    (51) multiplicative_expression -> . multiplicative_expression TIMES unary_expression
    (52) multiplicative_expression -> . multiplicative_expression DIVIDE unary_expression
    (53) multiplicative_expression -> . multiplicative_expression MOD unary_expression
    (54) unary_expression -> . primary_expression
    (55) unary_expression -> . MINUS unary_expression
    (56) unary_expression -> . NOT unary_expression
    (57) primary_expression -> . IDENT
    (58) primary_expression -> . NUMBER
    (59) primary_expression -> . BOOL
    (60) primary_expression -> . STRING
    (61) primary_expression -> . LPAREN expression RPAREN
    (62) primary_expression -> . IDENT LPAREN args RPAREN

    SEMI            shift and go to state 54
    IDENT           shift and go to state 17
    MINUS           shift and go to state 32
    NOT             shift and go to state 35
    NUMBER          shift and go to state 36
    BOOL            shift and go to state 37
    STRING          shift and go to state 38
    LPAREN          shift and go to state 19

    expression                     shift and go to state 53
    assignment_expression          shift and go to state 25
    logical_or_expression          shift and go to state 26
    logical_and_expression         shift and go to state 27
    equality_expression            shift and go to state 28
    relational_expression          shift and go to state 29
    additive_expression            shift and go to state 30
    multiplicative_expression      shift and go to state 31
    unary_expression               shift and go to state 33
    primary_expression             shift and go to state 34

state 25

    (31) expression -> assignment_expression .

    SEMI            reduce using rule 31 (expression -> assignment_expression .)
    RPAREN          reduce using rule 31 (expression -> assignment_expression .)
    COMMA           reduce using rule 31 (expression -> assignment_expression .)


state 26

    (32) expression -> logical_or_expression .
    (36) logical_or_expression -> logical_or_expression . OR logical_and_expression

    SEMI            reduce using rule 32 (expression -> logical_or_expression .)
    RPAREN          reduce using rule 32 (expression -> logical_or_expression .)
    COMMA           reduce using rule 32 (expression -> logical_or_expression .)
    OR              shift and go to state 55


state 27

    (35) logical_or_expression -> logical_and_expression .
    (38) logical_and_expression -> logical_and_expression . AND equality_expression

    OR              reduce using rule 35 (logical_or_expression -> logical_and_expression .)
    SEMI            reduce using rule 35 (logical_or_expression -> logical_and_expression .)
    RPAREN          reduce using rule 35 (logical_or_expression -> logical_and_expression .)
    COMMA           reduce using rule 35 (logical_or_expression -> logical_and_expression .)
    AND             shift and go to state 56


state 28

    (37) logical_and_expression -> equality_expression .
    (40) equality_expression -> equality_expression . EQ relational_expression
    (41) equality_expression -> equality_expression . NE relational_expression

    AND             reduce using rule 37 (logical_and_expression -> equality_expression .)
    OR              reduce using rule 37 (logical_and_expression -> equality_expression .)
    SEMI            reduce using rule 37 (logical_and_expression -> equality_expression .)
    RPAREN          reduce using rule 37 (logical_and_expression -> equality_expression .)
    COMMA           reduce using rule 37 (logical_and_expression -> equality_expression .)
    EQ              shift and go to state 57
    NE              shift and go to state 58


state 29

    (39) equality_expression -> relational_expression .
    (43) relational_expression -> relational_expression . LT additive_expression
    (44) relational_expression -> relational_expression . LE additive_expression
    (45) relational_expression -> relational_expression . GT additive_expression
    (46) relational_expression -> relational_expression . GE additive_expression

    EQ              reduce using rule 39 (equality_expression -> relational_expression .)
    NE              reduce using rule 39 (equality_expression -> relational_expression .)
    AND             reduce using rule 39 (equality_expression -> relational_expression .)
    OR              reduce using rule 39 (equality_expression -> relational_expression .)
    SEMI            reduce using rule 39 (equality_expression -> relational_expression .)
    RPAREN          reduce using rule 39 (equality_expression -> relational_expression .)
    COMMA           reduce using rule 39 (equality_expression -> relational_expression .)
    LT              shift and go to state 59
    LE              shift and go to state 60
    GT              shift and go to state 61
    GE              shift and go to state 62


state 30

    (42) relational_expression -> additive_expression .
    (48) additive_expression -> additive_expression . PLUS multiplicative_expression
    (49) additive_expression -> additive_expression . MINUS multiplicative_expression

    LT              reduce using rule 42 (relational_expression -> additive_expression .)
    LE              reduce using rule 42 (relational_expression -> additive_expression .)
    GT              reduce using rule 42 (relational_expression -> additive_expression .)
    GE              reduce using rule 42 (relational_expression -> additive_expression .)
    EQ              reduce using rule 42 (relational_expression -> additive_expression .)
    NE              reduce using rule 42 (relational_expression -> additive_expression .)
    AND             reduce using rule 42 (relational_expression -> additive_expression .)
    OR              reduce using rule 42 (relational_expression -> additive_expression .)
    SEMI            reduce using rule 42 (relational_expression -> additive_expression .)
    RPAREN          reduce using rule 42 (relational_expression -> additive_expression .)
    COMMA           reduce using rule 42 (relational_expression -> additive_expression .)
    PLUS            shift and go to state 63
    MINUS           shift and go to state 64


state 31

    (47) additive_expression -> multiplicative_expression .
    (51) multiplicative_expression -> multiplicative_expression . TIMES unary_expression
    (52) multiplicative_expression -> multiplicative_expression . DIVIDE unary_expression
    (53) multiplicative_expression -> multiplicative_expression . MOD unary_expression

    PLUS            reduce using rule 47 (additive_expression -> multiplicative_expression .)
    MINUS           reduce using rule 47 (additive_expression -> multiplicative_expression .)
    LT              reduce using rule 47 (additive_expression -> multiplicative_expression .)
    LE              reduce using rule 47 (additive_expression -> multiplicative_expression .)
    GT              reduce using rule 47 (additive_expression -> multiplicative_expression .)
    GE              reduce using rule 47 (additive_expression -> multiplicative_expression .)
    EQ              reduce using rule 47 (additive_expression -> multiplicative_expression .)
    NE              reduce using rule 47 (additive_expression -> multiplicative_expression .)
    AND             reduce using rule 47 (additive_expression -> multiplicative_expression .)
    OR              reduce using rule 47 (additive_expression -> multiplicative_expression .)
    SEMI            reduce using rule 47 (additive_expression -> multiplicative_expression .)
    RPAREN          reduce using rule 47 (additive_expression -> multiplicative_expression .)
    COMMA           reduce using rule 47 (additive_expression -> multiplicative_expression .)
    TIMES           shift and go to state 65
    DIVIDE          shift and go to state 66
    MOD             shift and go to state 67


state 32

    (55) unary_expression -> MINUS . unary_expression
    (54) unary_expression -> . primary_expression
    (55) unary_expression -> . MINUS unary_expression
    (56) unary_expression -> . NOT unary_expression
    (57) primary_expression -> . IDENT
    (58) primary_expression -> . NUMBER
    (59) primary_expression -> . BOOL
    (60) primary_expression -> . STRING
    (61) primary_expression -> . LPAREN expression RPAREN
    (62) primary_expression -> . IDENT LPAREN args RPAREN

    MINUS           shift and go to state 32
    NOT             shift and go to state 35
    IDENT           shift and go to state 69
    NUMBER          shift and go to state 36
    BOOL            shift and go to state 37
    STRING          shift and go to state 38
    LPAREN          shift and go to state 19

    unary_expression               shift and go to state 68
    primary_expression             shift and go to state 34

state 33

    (50) multiplicative_expression -> unary_expression .

    TIMES           reduce using rule 50 (multiplicative_expression -> unary_expression .)
    DIVIDE          reduce using rule 50 (multiplicative_expression -> unary_expression .)
    MOD             reduce using rule 50 (multiplicative_expression -> unary_expression .)
    PLUS            reduce using rule 50 (multiplicative_expression -> unary_expression .)
    MINUS           reduce using rule 50 (multiplicative_expression -> unary_expression .)
    LT              reduce using rule 50 (multiplicative_expression -> unary_expression .)
    LE              reduce using rule 50 (multiplicative_expression -> unary_expression .)
    GT              reduce using rule 50 (multiplicative_expression -> unary_expression .)
    GE              reduce using rule 50 (multiplicative_expression -> unary_expression .)
    EQ              reduce using rule 50 (multiplicative_expression -> unary_expression .)
    NE              reduce using rule 50 (multiplicative_expression -> unary_expression .)
    AND             reduce using rule 50 (multiplicative_expression -> unary_expression .)
    OR              reduce using rule 50 (multiplicative_expression -> unary_expression .)
    SEMI            reduce using rule 50 (multiplicative_expression -> unary_expression .)
    RPAREN          reduce using rule 50 (multiplicative_expression -> unary_expression .)
    COMMA           reduce using rule 50 (multiplicative_expression -> unary_expression .)


state 34

    (54) unary_expression -> primary_expression .

    TIMES           reduce using rule 54 (unary_expression -> primary_expression .)
    DIVIDE          reduce using rule 54 (unary_expression -> primary_expression .)
    MOD             reduce using rule 54 (unary_expression -> primary_expression .)
    PLUS            reduce using rule 54 (unary_expression -> primary_expression .)
    MINUS           reduce using rule 54 (unary_expression -> primary_expression .)
    LT              reduce using rule 54 (unary_expression -> primary_expression .)
    LE              reduce using rule 54 (unary_expression -> primary_expression .)
    GT              reduce using rule 54 (unary_expression -> primary_expression .)
    GE              reduce using rule 54 (unary_expression -> primary_expression .)
    EQ              reduce using rule 54 (unary_expression -> primary_expression .)
    NE              reduce using rule 54 (unary_expression -> primary_expression .)
    AND             reduce using rule 54 (unary_expression -> primary_expression .)
    OR              reduce using rule 54 (unary_expression -> primary_expression .)
    SEMI            reduce using rule 54 (unary_expression -> primary_expression .)
    RPAREN          reduce using rule 54 (unary_expression -> primary_expression .)
    COMMA           reduce using rule 54 (unary_expression -> primary_expression .)


state 35

    (56) unary_expression -> NOT . unary_expression
    (54) unary_expression -> . primary_expression
    (55) unary_expression -> . MINUS unary_expression
    (56) unary_expression -> . NOT unary_expression
    (57) primary_expression -> . IDENT
    (58) primary_expression -> . NUMBER
    (59) primary_expression -> . BOOL
    (60) primary_expression -> . STRING
    (61) primary_expression -> . LPAREN expression RPAREN
    (62) primary_expression -> . IDENT LPAREN args RPAREN

    MINUS           shift and go to state 32
    NOT             shift and go to state 35
    IDENT           shift and go to state 69
    NUMBER          shift and go to state 36
    BOOL            shift and go to state 37
    STRING          shift and go to state 38
    LPAREN          shift and go to state 19

    unary_expression               shift and go to state 70
    primary_expression             shift and go to state 34

state 36

    (58) primary_expression -> NUMBER .

    TIMES           reduce using rule 58 (primary_expression -> NUMBER .)
    DIVIDE          reduce using rule 58 (primary_expression -> NUMBER .)
    MOD             reduce using rule 58 (primary_expression -> NUMBER .)
    PLUS            reduce using rule 58 (primary_expression -> NUMBER .)
    MINUS           reduce using rule 58 (primary_expression -> NUMBER .)
    LT              reduce using rule 58 (primary_expression -> NUMBER .)
    LE              reduce using rule 58 (primary_expression -> NUMBER .)
    GT              reduce using rule 58 (primary_expression -> NUMBER .)
    GE              reduce using rule 58 (primary_expression -> NUMBER .)
    EQ              reduce using rule 58 (primary_expression -> NUMBER .)
    NE              reduce using rule 58 (primary_expression -> NUMBER .)
    AND             reduce using rule 58 (primary_expression -> NUMBER .)
    OR              reduce using rule 58 (primary_expression -> NUMBER .)
    SEMI            reduce using rule 58 (primary_expression -> NUMBER .)
    RPAREN          reduce using rule 58 (primary_expression -> NUMBER .)
    COMMA           reduce using rule 58 (primary_expression -> NUMBER .)


state 37

    (59) primary_expression -> BOOL .

    TIMES           reduce using rule 59 (primary_expression -> BOOL .)
    DIVIDE          reduce using rule 59 (primary_expression -> BOOL .)
    MOD             reduce using rule 59 (primary_expression -> BOOL .)
    PLUS            reduce using rule 59 (primary_expression -> BOOL .)
    MINUS           reduce using rule 59 (primary_expression -> BOOL .)
    LT              reduce using rule 59 (primary_expression -> BOOL .)
    LE              reduce using rule 59 (primary_expression -> BOOL .)
    GT              reduce using rule 59 (primary_expression -> BOOL .)
    GE              reduce using rule 59 (primary_expression -> BOOL .)
    EQ              reduce using rule 59 (primary_expression -> BOOL .)
    NE              reduce using rule 59 (primary_expression -> BOOL .)
    AND             reduce using rule 59 (primary_expression -> BOOL .)
    OR              reduce using rule 59 (primary_expression -> BOOL .)
    SEMI            reduce using rule 59 (primary_expression -> BOOL .)
    RPAREN          reduce using rule 59 (primary_expression -> BOOL .)
    COMMA           reduce using rule 59 (primary_expression -> BOOL .)


state 38

    (60) primary_expression -> STRING .

    TIMES           reduce using rule 60 (primary_expression -> STRING .)
    DIVIDE          reduce using rule 60 (primary_expression -> STRING .)
    MOD             reduce using rule 60 (primary_expression -> STRING .)
    PLUS            reduce using rule 60 (primary_expression -> STRING .)
    MINUS           reduce using rule 60 (primary_expression -> STRING .)
    LT              reduce using rule 60 (primary_expression -> STRING .)
    LE              reduce using rule 60 (primary_expression -> STRING .)
    GT              reduce using rule 60 (primary_expression -> STRING .)
    GE              reduce using rule 60 (primary_expression -> STRING .)
    EQ              reduce using rule 60 (primary_expression -> STRING .)
    NE              reduce using rule 60 (primary_expression -> STRING .)
    AND             reduce using rule 60 (primary_expression -> STRING .)
    OR              reduce using rule 60 (primary_expression -> STRING .)
    SEMI            reduce using rule 60 (primary_expression -> STRING .)
    RPAREN          reduce using rule 60 (primary_expression -> STRING .)
    COMMA           reduce using rule 60 (primary_expression -> STRING .)


state 39

    (3) statement_list -> statement_list statement .

    SEMI            reduce using rule 3 (statement_list -> statement_list statement .)
    LBRACE          reduce using rule 3 (statement_list -> statement_list statement .)
    VAR             reduce using rule 3 (statement_list -> statement_list statement .)
    IF              reduce using rule 3 (statement_list -> statement_list statement .)
    FOR             reduce using rule 3 (statement_list -> statement_list statement .)
    WHILE           reduce using rule 3 (statement_list -> statement_list statement .)
    PRINT           reduce using rule 3 (statement_list -> statement_list statement .)
    FUNC            reduce using rule 3 (statement_list -> statement_list statement .)
    RETURN          reduce using rule 3 (statement_list -> statement_list statement .)
    IDENT           reduce using rule 3 (statement_list -> statement_list statement .)
    MINUS           reduce using rule 3 (statement_list -> statement_list statement .)
    NOT             reduce using rule 3 (statement_list -> statement_list statement .)
    NUMBER          reduce using rule 3 (statement_list -> statement_list statement .)
    BOOL            reduce using rule 3 (statement_list -> statement_list statement .)
    STRING          reduce using rule 3 (statement_list -> statement_list statement .)
    LPAREN          reduce using rule 3 (statement_list -> statement_list statement .)
    $end            reduce using rule 3 (statement_list -> statement_list statement .)
    RBRACE          reduce using rule 3 (statement_list -> statement_list statement .)


state 40

    (13) expression_statement -> expression SEMI .

    SEMI            reduce using rule 13 (expression_statement -> expression SEMI .)
    LBRACE          reduce using rule 13 (expression_statement -> expression SEMI .)
    VAR             reduce using rule 13 (expression_statement -> expression SEMI .)
    IF              reduce using rule 13 (expression_statement -> expression SEMI .)
    FOR             reduce using rule 13 (expression_statement -> expression SEMI .)
    WHILE           reduce using rule 13 (expression_statement -> expression SEMI .)
    PRINT           reduce using rule 13 (expression_statement -> expression SEMI .)
    FUNC            reduce using rule 13 (expression_statement -> expression SEMI .)
    RETURN          reduce using rule 13 (expression_statement -> expression SEMI .)
    IDENT           reduce using rule 13 (expression_statement -> expression SEMI .)
    MINUS           reduce using rule 13 (expression_statement -> expression SEMI .)
    NOT             reduce using rule 13 (expression_statement -> expression SEMI .)
    NUMBER          reduce using rule 13 (expression_statement -> expression SEMI .)
    BOOL            reduce using rule 13 (expression_statement -> expression SEMI .)
    STRING          reduce using rule 13 (expression_statement -> expression SEMI .)
    LPAREN          reduce using rule 13 (expression_statement -> expression SEMI .)
    $end            reduce using rule 13 (expression_statement -> expression SEMI .)
    RBRACE          reduce using rule 13 (expression_statement -> expression SEMI .)
    ELSE            reduce using rule 13 (expression_statement -> expression SEMI .)
    RPAREN          reduce using rule 13 (expression_statement -> expression SEMI .)


state 41

    (15) block_statement -> LBRACE statement_list . RBRACE
    (3) statement_list -> statement_list . statement
    (4) statement -> . expression_statement
    (5) statement -> . block_statement
    (6) statement -> . var_declaration
    (7) statement -> . if_statement
    (8) statement -> . for_statement
    (9) statement -> . while_statement
    (10) statement -> . print_statement
    (11) statement -> . func_declaration
    (12) statement -> . return_statement
    (13) expression_statement -> . expression SEMI
    (14) expression_statement -> . SEMI
    (15) block_statement -> . LBRACE statement_list RBRACE
    (16) var_declaration -> . VAR IDENT COLON type SEMI
    (17) var_declaration -> . VAR IDENT COLON type ASSIGN expression SEMI
    (19) if_statement -> . IF LPAREN expression RPAREN statement
    (20) if_statement -> . IF LPAREN expression RPAREN statement ELSE statement
    (21) for_statement -> . FOR LPAREN expression_statement expression_statement expression RPAREN statement
    (22) for_statement -> . FOR LPAREN var_declaration expression_statement expression RPAREN statement
    (23) for_statement -> . FOR LPAREN expression_statement expression_statement RPAREN statement
    (24) for_statement -> . FOR LPAREN var_declaration expression_statement RPAREN statement
    (25) for_statement -> . FOR LPAREN RPAREN statement
    (26) for_statement -> . FOR statement
    (27) while_statement -> . WHILE LPAREN expression RPAREN statement
    (28) print_statement -> . PRINT LPAREN expression_list RPAREN SEMI
    (65) func_declaration -> . FUNC IDENT LPAREN params RPAREN COLON type block_statement
    (66) func_declaration -> . FUNC IDENT LPAREN RPAREN COLON type block_statement
    (67) func_declaration -> . FUNC IDENT LPAREN params RPAREN block_statement
    (68) func_declaration -> . FUNC IDENT LPAREN RPAREN block_statement
    (72) return_statement -> . RETURN expression SEMI
    (73) return_statement -> . RETURN SEMI
    (31) expression -> . assignment_expression
    (32) expression -> . logical_or_expression
    (33) assignment_expression -> . IDENT ASSIGN expression
    (34) assignment_expression -> . IDENT DECLARE expression
    (35) logical_or_expression -> . logical_and_expression
    (36) logical_or_expression -> . logical_or_expression OR logical_and_expression
    (37) logical_and_expression -> . equality_expression
    (38) logical_and_expression -> . logical_and_expression AND equality_expression
    (39) equality_expression -> . relational_expression
    (40) equality_expression -> . equality_expression EQ relational_expression
    (41) equality_expression -> . equality_expression NE relational_expression
    (42) relational_expression -> . additive_expression
    (43) relational_expression -> . relational_expression LT additive_expression
    (44) relational_expression -> . relational_expression LE additive_expression
    (45) relational_expression -> . relational_expression GT additive_expression
    (46) relational_expression -> . relational_expression GE additive_expression
    (47) additive_expression -> . multiplicative_expression
    (48) additive_expression -> . additive_expression PLUS multiplicative_expression
    (49) additive_expression -> . additive_expression MINUS multiplicative_expression
    (50) multiplicative_expression -> . unary_expression
    (51) multiplicative_expression -> . multiplicative_expression TIMES unary_expression
    (52) multiplicative_expression -> . multiplicative_expression DIVIDE unary_expression
    (53) multiplicative_expression -> . multiplicative_expression MOD unary_expression
    (54) unary_expression -> . primary_expression
    (55) unary_expression -> . MINUS unary_expression
    (56) unary_expression -> . NOT unary_expression
    (57) primary_expression -> . IDENT
    (58) primary_expression -> . NUMBER
    (59) primary_expression -> . BOOL
    (60) primary_expression -> . STRING
    (61) primary_expression -> . LPAREN expression RPAREN
    (62) primary_expression -> . IDENT LPAREN args RPAREN

    RBRACE          shift and go to state 71
    SEMI            shift and go to state 14
    LBRACE          shift and go to state 15
    VAR             shift and go to state 16
    IF              shift and go to state 18
    FOR             shift and go to state 20
    WHILE           shift and go to state 21
    PRINT           shift and go to state 22
    FUNC            shift and go to state 23
    RETURN          shift and go to state 24
    IDENT           shift and go to state 17
    MINUS           shift and go to state 32
    NOT             shift and go to state 35
    NUMBER          shift and go to state 36
    BOOL            shift and go to state 37
    STRING          shift and go to state 38
    LPAREN          shift and go to state 19

    statement                      shift and go to state 39
    expression_statement           shift and go to state 4
    block_statement                shift and go to state 5
    var_declaration                shift and go to state 6
    if_statement                   shift and go to state 7
    for_statement                  shift and go to state 8
    while_statement                shift and go to state 9
    print_statement                shift and go to state 10
    func_declaration               shift and go to state 11
    return_statement               shift and go to state 12
    expression                     shift and go to state 13
    assignment_expression          shift and go to state 25
    logical_or_expression          shift and go to state 26
    logical_and_expression         shift and go to state 27
    equality_expression            shift and go to state 28
    relational_expression          shift and go to state 29
    additive_expression            shift and go to state 30
    multiplicative_expression      shift and go to state 31
    unary_expression               shift and go to state 33
    primary_expression             shift and go to state 34

state 42

    (16) var_declaration -> VAR IDENT . COLON type SEMI
    (17) var_declaration -> VAR IDENT . COLON type ASSIGN expression SEMI

    COLON           shift and go to state 72


state 43

    (33) assignment_expression -> IDENT ASSIGN . expression
    (31) expression -> . assignment_expression
    (32) expression -> . logical_or_expression
    (33) assignment_expression -> . IDENT ASSIGN expression
    (34) assignment_expression -> . IDENT DECLARE expression
    (35) logical_or_expression -> . logical_and_expression
    (36) logical_or_expression -> . logical_or_expression OR logical_and_expression
    (37) logical_and_expression -> . equality_expression
    (38) logical_and_expression -> . logical_and_expression AND equality_expression
    (39) equality_expression -> . relational_expression
    (40) equality_expression -> . equality_expression EQ relational_expression
    (41) equality_expression -> . equality_expression NE relational_expression
    (42) relational_expression -> . additive_expression
    (43) relational_expression -> . relational_expression LT additive_expression
    (44) relational_expression -> . relational_expression LE additive_expression
    (45) relational_expression -> . relational_expression GT additive_expression
    (46) relational_expression -> . relational_expression GE additive_expression
    (47) additive_expression -> . multiplicative_expression
    (48) additive_expression -> . additive_expression PLUS multiplicative_expression
    (49) additive_expression -> . additive_expression MINUS multiplicative_expression
    (50) multiplicative_expression -> . unary_expression
    (51) multiplicative_expression -> . multiplicative_expression TIMES unary_expression
    (52) multiplicative_expression -> . multiplicative_expression DIVIDE unary_expression
    (53) multiplicative_expression -> . multiplicative_expression MOD unary_expression
    (54) unary_expression -> . primary_expression
    (55) unary_expression -> . MINUS unary_expression
    (56) unary_expression -> . NOT unary_expression
    (57) primary_expression -> . IDENT
    (58) primary_expression -> . NUMBER
    (59) primary_expression -> . BOOL
    (60) primary_expression -> . STRING
    (61) primary_expression -> . LPAREN expression RPAREN
    (62) primary_expression -> . IDENT LPAREN args RPAREN

    IDENT           shift and go to state 17
    MINUS           shift and go to state 32
    NOT             shift and go to state 35
    NUMBER          shift and go to state 36
    BOOL            shift and go to state 37
    STRING          shift and go to state 38
    LPAREN          shift and go to state 19

    expression                     shift and go to state 73
    assignment_expression          shift and go to state 25
    logical_or_expression          shift and go to state 26
    logical_and_expression         shift and go to state 27
    equality_expression            shift and go to state 28
    relational_expression          shift and go to state 29
    additive_expression            shift and go to state 30
    multiplicative_expression      shift and go to state 31
    unary_expression               shift and go to state 33
    primary_expression             shift and go to state 34

state 44

    (34) assignment_expression -> IDENT DECLARE . expression
    (31) expression -> . assignment_expression
    (32) expression -> . logical_or_expression
    (33) assignment_expression -> . IDENT ASSIGN expression
    (34) assignment_expression -> . IDENT DECLARE expression
    (35) logical_or_expression -> . logical_and_expression
    (36) logical_or_expression -> . logical_or_expression OR logical_and_expression
    (37) logical_and_expression -> . equality_expression
    (38) logical_and_expression -> . logical_and_expression AND equality_expression
    (39) equality_expression -> . relational_expression
    (40) equality_expression -> . equality_expression EQ relational_expression
    (41) equality_expression -> . equality_expression NE relational_expression
    (42) relational_expression -> . additive_expression
    (43) relational_expression -> . relational_expression LT additive_expression
    (44) relational_expression -> . relational_expression LE additive_expression
    (45) relational_expression -> . relational_expression GT additive_expression
    (46) relational_expression -> . relational_expression GE additive_expression
    (47) additive_expression -> . multiplicative_expression
    (48) additive_expression -> . additive_expression PLUS multiplicative_expression
    (49) additive_expression -> . additive_expression MINUS multiplicative_expression
    (50) multiplicative_expression -> . unary_expression
    (51) multiplicative_expression -> . multiplicative_expression TIMES unary_expression
    (52) multiplicative_expression -> . multiplicative_expression DIVIDE unary_expression
    (53) multiplicative_expression -> . multiplicative_expression MOD unary_expression
    (54) unary_expression -> . primary_expression
    (55) unary_expression -> . MINUS unary_expression
    (56) unary_expression -> . NOT unary_expression
    (57) primary_expression -> . IDENT
    (58) primary_expression -> . NUMBER
    (59) primary_expression -> . BOOL
    (60) primary_expression -> . STRING
    (61) primary_expression -> . LPAREN expression RPAREN
    (62) primary_expression -> . IDENT LPAREN args RPAREN

    IDENT           shift and go to state 17
    MINUS           shift and go to state 32
    NOT             shift and go to state 35
    NUMBER          shift and go to state 36
    BOOL            shift and go to state 37
    STRING          shift and go to state 38
    LPAREN          shift and go to state 19

    expression                     shift and go to state 74
    assignment_expression          shift and go to state 25
    logical_or_expression          shift and go to state 26
    logical_and_expression         shift and go to state 27
    equality_expression            shift and go to state 28
    relational_expression          shift and go to state 29
    additive_expression            shift and go to state 30
    multiplicative_expression      shift and go to state 31
    unary_expression               shift and go to state 33
    primary_expression             shift and go to state 34

state 45

    (62) primary_expression -> IDENT LPAREN . args RPAREN
    (63) args -> . expression
    (64) args -> . args COMMA expression
    (31) expression -> . assignment_expression
    (32) expression -> . logical_or_expression
    (33) assignment_expression -> . IDENT ASSIGN expression
    (34) assignment_expression -> . IDENT DECLARE expression
    (35) logical_or_expression -> . logical_and_expression
    (36) logical_or_expression -> . logical_or_expression OR logical_and_expression
    (37) logical_and_expression -> . equality_expression
    (38) logical_and_expression -> . logical_and_expression AND equality_expression
    (39) equality_expression -> . relational_expression
    (40) equality_expression -> . equality_expression EQ relational_expression
    (41) equality_expression -> . equality_expression NE relational_expression
    (42) relational_expression -> . additive_expression
    (43) relational_expression -> . relational_expression LT additive_expression
    (44) relational_expression -> . relational_expression LE additive_expression
    (45) relational_expression -> . relational_expression GT additive_expression
    (46) relational_expression -> . relational_expression GE additive_expression
    (47) additive_expression -> . multiplicative_expression
    (48) additive_expression -> . additive_expression PLUS multiplicative_expression
    (49) additive_expression -> . additive_expression MINUS multiplicative_expression
    (50) multiplicative_expression -> . unary_expression
    (51) multiplicative_expression -> . multiplicative_expression TIMES unary_expression
    (52) multiplicative_expression -> . multiplicative_expression DIVIDE unary_expression
    (53) multiplicative_expression -> . multiplicative_expression MOD unary_expression
    (54) unary_expression -> . primary_expression
    (55) unary_expression -> . MINUS unary_expression
    (56) unary_expression -> . NOT unary_expression
    (57) primary_expression -> . IDENT
    (58) primary_expression -> . NUMBER
    (59) primary_expression -> . BOOL
    (60) primary_expression -> . STRING
    (61) primary_expression -> . LPAREN expression RPAREN
    (62) primary_expression -> . IDENT LPAREN args RPAREN

    IDENT           shift and go to state 17
    MINUS           shift and go to state 32
    NOT             shift and go to state 35
    NUMBER          shift and go to state 36
    BOOL            shift and go to state 37
    STRING          shift and go to state 38
    LPAREN          shift and go to state 19

    args                           shift and go to state 75
    expression                     shift and go to state 76
    assignment_expression          shift and go to state 25
    logical_or_expression          shift and go to state 26
    logical_and_expression         shift and go to state 27
    equality_expression            shift and go to state 28
    relational_expression          shift and go to state 29
    additive_expression            shift and go to state 30
    multiplicative_expression      shift and go to state 31
    unary_expression               shift and go to state 33
    primary_expression             shift and go to state 34

state 46

    (19) if_statement -> IF LPAREN . expression RPAREN statement
    (20) if_statement -> IF LPAREN . expression RPAREN statement ELSE statement
    (31) expression -> . assignment_expression
    (32) expression -> . logical_or_expression
    (33) assignment_expression -> . IDENT ASSIGN expression
    (34) assignment_expression -> . IDENT DECLARE expression
    (35) logical_or_expression -> . logical_and_expression
    (36) logical_or_expression -> . logical_or_expression OR logical_and_expression
    (37) logical_and_expression -> . equality_expression
    (38) logical_and_expression -> . logical_and_expression AND equality_expression
    (39) equality_expression -> . relational_expression
    (40) equality_expression -> . equality_expression EQ relational_expression
    (41) equality_expression -> . equality_expression NE relational_expression
    (42) relational_expression -> . additive_expression
    (43) relational_expression -> . relational_expression LT additive_expression
    (44) relational_expression -> . relational_expression LE additive_expression
    (45) relational_expression -> . relational_expression GT additive_expression
    (46) relational_expression -> . relational_expression GE additive_expression
    (47) additive_expression -> . multiplicative_expression
    (48) additive_expression -> . additive_expression PLUS multiplicative_expression
    (49) additive_expression -> . additive_expression MINUS multiplicative_expression
    (50) multiplicative_expression -> . unary_expression
    (51) multiplicative_expression -> . multiplicative_expression TIMES unary_expression
    (52) multiplicative_expression -> . multiplicative_expression DIVIDE unary_expression
    (53) multiplicative_expression -> . multiplicative_expression MOD unary_expression
    (54) unary_expression -> . primary_expression
    (55) unary_expression -> . MINUS unary_expression
    (56) unary_expression -> . NOT unary_expression
    (57) primary_expression -> . IDENT
    (58) primary_expression -> . NUMBER
    (59) primary_expression -> . BOOL
    (60) primary_expression -> . STRING
    (61) primary_expression -> . LPAREN expression RPAREN
    (62) primary_expression -> . IDENT LPAREN args RPAREN

    IDENT           shift and go to state 17
    MINUS           shift and go to state 32
    NOT             shift and go to state 35
    NUMBER          shift and go to state 36
    BOOL            shift and go to state 37
    STRING          shift and go to state 38
    LPAREN          shift and go to state 19

    expression                     shift and go to state 77
    assignment_expression          shift and go to state 25
    logical_or_expression          shift and go to state 26
    logical_and_expression         shift and go to state 27
    equality_expression            shift and go to state 28
    relational_expression          shift and go to state 29
    additive_expression            shift and go to state 30
    multiplicative_expression      shift and go to state 31
    unary_expression               shift and go to state 33
    primary_expression             shift and go to state 34

state 47

    (61) primary_expression -> LPAREN expression . RPAREN

    RPAREN          shift and go to state 78


state 48

    (21) for_statement -> FOR LPAREN . expression_statement expression_statement expression RPAREN statement
    (22) for_statement -> FOR LPAREN . var_declaration expression_statement expression RPAREN statement
    (23) for_statement -> FOR LPAREN . expression_statement expression_statement RPAREN statement
    (24) for_statement -> FOR LPAREN . var_declaration expression_statement RPAREN statement
    (25) for_statement -> FOR LPAREN . RPAREN statement
    (61) primary_expression -> LPAREN . expression RPAREN
    (13) expression_statement -> . expression SEMI
    (14) expression_statement -> . SEMI
    (16) var_declaration -> . VAR IDENT COLON type SEMI
    (17) var_declaration -> . VAR IDENT COLON type ASSIGN expression SEMI
    (31) expression -> . assignment_expression
    (32) expression -> . logical_or_expression
    (33) assignment_expression -> . IDENT ASSIGN expression
    (34) assignment_expression -> . IDENT DECLARE expression
    (35) logical_or_expression -> . logical_and_expression
    (36) logical_or_expression -> . logical_or_expression OR logical_and_expression
    (37) logical_and_expression -> . equality_expression
    (38) logical_and_expression -> . logical_and_expression AND equality_expression
    (39) equality_expression -> . relational_expression
    (40) equality_expression -> . equality_expression EQ relational_expression
    (41) equality_expression -> . equality_expression NE relational_expression
    (42) relational_expression -> . additive_expression
    (43) relational_expression -> . relational_expression LT additive_expression
    (44) relational_expression -> . relational_expression LE additive_expression
    (45) relational_expression -> . relational_expression GT additive_expression
    (46) relational_expression -> . relational_expression GE additive_expression
    (47) additive_expression -> . multiplicative_expression
    (48) additive_expression -> . additive_expression PLUS multiplicative_expression
    (49) additive_expression -> . additive_expression MINUS multiplicative_expression
    (50) multiplicative_expression -> . unary_expression
    (51) multiplicative_expression -> . multiplicative_expression TIMES unary_expression
    (52) multiplicative_expression -> . multiplicative_expression DIVIDE unary_expression
    (53) multiplicative_expression -> . multiplicative_expression MOD unary_expression
    (54) unary_expression -> . primary_expression
    (55) unary_expression -> . MINUS unary_expression
    (56) unary_expression -> . NOT unary_expression
    (57) primary_expression -> . IDENT
    (58) primary_expression -> . NUMBER
    (59) primary_expression -> . BOOL
    (60) primary_expression -> . STRING
    (61) primary_expression -> . LPAREN expression RPAREN
    (62) primary_expression -> . IDENT LPAREN args RPAREN

    RPAREN          shift and go to state 81
    SEMI            shift and go to state 14
    VAR             shift and go to state 16
    IDENT           shift and go to state 17
    MINUS           shift and go to state 32
    NOT             shift and go to state 35
    NUMBER          shift and go to state 36
    BOOL            shift and go to state 37
    STRING          shift and go to state 38
    LPAREN          shift and go to state 19

    expression_statement           shift and go to state 79
    expression                     shift and go to state 80
    var_declaration                shift and go to state 82
    assignment_expression          shift and go to state 25
    logical_or_expression          shift and go to state 26
    logical_and_expression         shift and go to state 27
    equality_expression            shift and go to state 28
    relational_expression          shift and go to state 29
    additive_expression            shift and go to state 30
    multiplicative_expression      shift and go to state 31
    unary_expression               shift and go to state 33
    primary_expression             shift and go to state 34

state 49

    (26) for_statement -> FOR statement .

    SEMI            reduce using rule 26 (for_statement -> FOR statement .)
    LBRACE          reduce using rule 26 (for_statement -> FOR statement .)
    VAR             reduce using rule 26 (for_statement -> FOR statement .)
    IF              reduce using rule 26 (for_statement -> FOR statement .)
    FOR             reduce using rule 26 (for_statement -> FOR statement .)
    WHILE           reduce using rule 26 (for_statement -> FOR statement .)
    PRINT           reduce using rule 26 (for_statement -> FOR statement .)
    FUNC            reduce using rule 26 (for_statement -> FOR statement .)
    RETURN          reduce using rule 26 (for_statement -> FOR statement .)
    IDENT           reduce using rule 26 (for_statement -> FOR statement .)
    MINUS           reduce using rule 26 (for_statement -> FOR statement .)
    NOT             reduce using rule 26 (for_statement -> FOR statement .)
    NUMBER          reduce using rule 26 (for_statement -> FOR statement .)
    BOOL            reduce using rule 26 (for_statement -> FOR statement .)
    STRING          reduce using rule 26 (for_statement -> FOR statement .)
    LPAREN          reduce using rule 26 (for_statement -> FOR statement .)
    $end            reduce using rule 26 (for_statement -> FOR statement .)
    RBRACE          reduce using rule 26 (for_statement -> FOR statement .)
    ELSE            reduce using rule 26 (for_statement -> FOR statement .)


state 50

    (27) while_statement -> WHILE LPAREN . expression RPAREN statement
    (31) expression -> . assignment_expression
    (32) expression -> . logical_or_expression
    (33) assignment_expression -> . IDENT ASSIGN expression
    (34) assignment_expression -> . IDENT DECLARE expression
    (35) logical_or_expression -> . logical_and_expression
    (36) logical_or_expression -> . logical_or_expression OR logical_and_expression
    (37) logical_and_expression -> . equality_expression
    (38) logical_and_expression -> . logical_and_expression AND equality_expression
    (39) equality_expression -> . relational_expression
    (40) equality_expression -> . equality_expression EQ relational_expression
    (41) equality_expression -> . equality_expression NE relational_expression
    (42) relational_expression -> . additive_expression
    (43) relational_expression -> . relational_expression LT additive_expression
    (44) relational_expression -> . relational_expression LE additive_expression
    (45) relational_expression -> . relational_expression GT additive_expression
    (46) relational_expression -> . relational_expression GE additive_expression
    (47) additive_expression -> . multiplicative_expression
    (48) additive_expression -> . additive_expression PLUS multiplicative_expression
    (49) additive_expression -> . additive_expression MINUS multiplicative_expression
    (50) multiplicative_expression -> . unary_expression
    (51) multiplicative_expression -> . multiplicative_expression TIMES unary_expression
    (52) multiplicative_expression -> . multiplicative_expression DIVIDE unary_expression
    (53) multiplicative_expression -> . multiplicative_expression MOD unary_expression
    (54) unary_expression -> . primary_expression
    (55) unary_expression -> . MINUS unary_expression
    (56) unary_expression -> . NOT unary_expression
    (57) primary_expression -> . IDENT
    (58) primary_expression -> . NUMBER
    (59) primary_expression -> . BOOL
    (60) primary_expression -> . STRING
    (61) primary_expression -> . LPAREN expression RPAREN
    (62) primary_expression -> . IDENT LPAREN args RPAREN

    IDENT           shift and go to state 17
    MINUS           shift and go to state 32
    NOT             shift and go to state 35
    NUMBER          shift and go to state 36
    BOOL            shift and go to state 37
    STRING          shift and go to state 38
    LPAREN          shift and go to state 19

    expression                     shift and go to state 83
    assignment_expression          shift and go to state 25
    logical_or_expression          shift and go to state 26
    logical_and_expression         shift and go to state 27
    equality_expression            shift and go to state 28
    relational_expression          shift and go to state 29
    additive_expression            shift and go to state 30
    multiplicative_expression      shift and go to state 31
    unary_expression               shift and go to state 33
    primary_expression             shift and go to state 34

state 51

    (28) print_statement -> PRINT LPAREN . expression_list RPAREN SEMI
    (29) expression_list -> . expression
    (30) expression_list -> . expression_list COMMA expression
    (31) expression -> . assignment_expression
    (32) expression -> . logical_or_expression
    (33) assignment_expression -> . IDENT ASSIGN expression
    (34) assignment_expression -> . IDENT DECLARE expression
    (35) logical_or_expression -> . logical_and_expression
    (36) logical_or_expression -> . logical_or_expression OR logical_and_expression
    (37) logical_and_expression -> . equality_expression
    (38) logical_and_expression -> . logical_and_expression AND equality_expression
    (39) equality_expression -> . relational_expression
    (40) equality_expression -> . equality_expression EQ relational_expression
    (41) equality_expression -> . equality_expression NE relational_expression
    (42) relational_expression -> . additive_expression
    (43) relational_expression -> . relational_expression LT additive_expression
    (44) relational_expression -> . relational_expression LE additive_expression
    (45) relational_expression -> . relational_expression GT additive_expression
    (46) relational_expression -> . relational_expression GE additive_expression
    (47) additive_expression -> . multiplicative_expression
    (48) additive_expression -> . additive_expression PLUS multiplicative_expression
    (49) additive_expression -> . additive_expression MINUS multiplicative_expression
    (50) multiplicative_expression -> . unary_expression
    (51) multiplicative_expression -> . multiplicative_expression TIMES unary_expression
    (52) multiplicative_expression -> . multiplicative_expression DIVIDE unary_expression
    (53) multiplicative_expression -> . multiplicative_expression MOD unary_expression
    (54) unary_expression -> . primary_expression
    (55) unary_expression -> . MINUS unary_expression
    (56) unary_expression -> . NOT unary_expression
    (57) primary_expression -> . IDENT
    (58) primary_expression -> . NUMBER
    (59) primary_expression -> . BOOL
    (60) primary_expression -> . STRING
    (61) primary_expression -> . LPAREN expression RPAREN
    (62) primary_expression -> . IDENT LPAREN args RPAREN

    IDENT           shift and go to state 17
    MINUS           shift and go to state 32
    NOT             shift and go to state 35
    NUMBER          shift and go to state 36
    BOOL            shift and go to state 37
    STRING          shift and go to state 38
    LPAREN          shift and go to state 19

    expression_list                shift and go to state 84
    expression                     shift and go to state 85
    assignment_expression          shift and go to state 25
    logical_or_expression          shift and go to state 26
    logical_and_expression         shift and go to state 27
    equality_expression            shift and go to state 28
    relational_expression          shift and go to state 29
    additive_expression            shift and go to state 30
    multiplicative_expression      shift and go to state 31
    unary_expression               shift and go to state 33
    primary_expression             shift and go to state 34

state 52

    (65) func_declaration -> FUNC IDENT . LPAREN params RPAREN COLON type block_statement
    (66) func_declaration -> FUNC IDENT . LPAREN RPAREN COLON type block_statement
    (67) func_declaration -> FUNC IDENT . LPAREN params RPAREN block_statement
    (68) func_declaration -> FUNC IDENT . LPAREN RPAREN block_statement

    LPAREN          shift and go to state 86


state 53

    (72) return_statement -> RETURN expression . SEMI

    SEMI            shift and go to state 87


state 54

    (73) return_statement -> RETURN SEMI .

    SEMI            reduce using rule 73 (return_statement -> RETURN SEMI .)
    LBRACE          reduce using rule 73 (return_statement -> RETURN SEMI .)
    VAR             reduce using rule 73 (return_statement -> RETURN SEMI .)
    IF              reduce using rule 73 (return_statement -> RETURN SEMI .)
    FOR             reduce using rule 73 (return_statement -> RETURN SEMI .)
    WHILE           reduce using rule 73 (return_statement -> RETURN SEMI .)
    PRINT           reduce using rule 73 (return_statement -> RETURN SEMI .)
    FUNC            reduce using rule 73 (return_statement -> RETURN SEMI .)
    RETURN          reduce using rule 73 (return_statement -> RETURN SEMI .)
    IDENT           reduce using rule 73 (return_statement -> RETURN SEMI .)
    MINUS           reduce using rule 73 (return_statement -> RETURN SEMI .)
    NOT             reduce using rule 73 (return_statement -> RETURN SEMI .)
    NUMBER          reduce using rule 73 (return_statement -> RETURN SEMI .)
    BOOL            reduce using rule 73 (return_statement -> RETURN SEMI .)
    STRING          reduce using rule 73 (return_statement -> RETURN SEMI .)
    LPAREN          reduce using rule 73 (return_statement -> RETURN SEMI .)
    $end            reduce using rule 73 (return_statement -> RETURN SEMI .)
    RBRACE          reduce using rule 73 (return_statement -> RETURN SEMI .)
    ELSE            reduce using rule 73 (return_statement -> RETURN SEMI .)


state 55

    (36) logical_or_expression -> logical_or_expression OR . logical_and_expression
    (37) logical_and_expression -> . equality_expression
    (38) logical_and_expression -> . logical_and_expression AND equality_expression
    (39) equality_expression -> . relational_expression
    (40) equality_expression -> . equality_expression EQ relational_expression
    (41) equality_expression -> . equality_expression NE relational_expression
    (42) relational_expression -> . additive_expression
    (43) relational_expression -> . relational_expression LT additive_expression
    (44) relational_expression -> . relational_expression LE additive_expression
    (45) relational_expression -> . relational_expression GT additive_expression
    (46) relational_expression -> . relational_expression GE additive_expression
    (47) additive_expression -> . multiplicative_expression
    (48) additive_expression -> . additive_expression PLUS multiplicative_expression
    (49) additive_expression -> . additive_expression MINUS multiplicative_expression
    (50) multiplicative_expression -> . unary_expression
    (51) multiplicative_expression -> . multiplicative_expression TIMES unary_expression
    (52) multiplicative_expression -> . multiplicative_expression DIVIDE unary_expression
    (53) multiplicative_expression -> . multiplicative_expression MOD unary_expression
    (54) unary_expression -> . primary_expression
    (55) unary_expression -> . MINUS unary_expression
    (56) unary_expression -> . NOT unary_expression
    (57) primary_expression -> . IDENT
    (58) primary_expression -> . NUMBER
    (59) primary_expression -> . BOOL
    (60) primary_expression -> . STRING
    (61) primary_expression -> . LPAREN expression RPAREN
    (62) primary_expression -> . IDENT LPAREN args RPAREN

    MINUS           shift and go to state 32
    NOT             shift and go to state 35
    IDENT           shift and go to state 69
    NUMBER          shift and go to state 36
    BOOL            shift and go to state 37
    STRING          shift and go to state 38
    LPAREN          shift and go to state 19

    logical_and_expression         shift and go to state 88
    equality_expression            shift and go to state 28
    relational_expression          shift and go to state 29
    additive_expression            shift and go to state 30
    multiplicative_expression      shift and go to state 31
    unary_expression               shift and go to state 33
    primary_expression             shift and go to state 34

state 56

    (38) logical_and_expression -> logical_and_expression AND . equality_expression
    (39) equality_expression -> . relational_expression
    (40) equality_expression -> . equality_expression EQ relational_expression
    (41) equality_expression -> . equality_expression NE relational_expression
    (42) relational_expression -> . additive_expression
    (43) relational_expression -> . relational_expression LT additive_expression
    (44) relational_expression -> . relational_expression LE additive_expression
    (45) relational_expression -> . relational_expression GT additive_expression
    (46) relational_expression -> . relational_expression GE additive_expression
    (47) additive_expression -> . multiplicative_expression
    (48) additive_expression -> . additive_expression PLUS multiplicative_expression
    (49) additive_expression -> . additive_expression MINUS multiplicative_expression
    (50) multiplicative_expression -> . unary_expression
    (51) multiplicative_expression -> . multiplicative_expression TIMES unary_expression
    (52) multiplicative_expression -> . multiplicative_expression DIVIDE unary_expression
    (53) multiplicative_expression -> . multiplicative_expression MOD unary_expression
    (54) unary_expression -> . primary_expression
    (55) unary_expression -> . MINUS unary_expression
    (56) unary_expression -> . NOT unary_expression
    (57) primary_expression -> . IDENT
    (58) primary_expression -> . NUMBER
    (59) primary_expression -> . BOOL
    (60) primary_expression -> . STRING
    (61) primary_expression -> . LPAREN expression RPAREN
    (62) primary_expression -> . IDENT LPAREN args RPAREN

    MINUS           shift and go to state 32
    NOT             shift and go to state 35
    IDENT           shift and go to state 69
    NUMBER          shift and go to state 36
    BOOL            shift and go to state 37
    STRING          shift and go to state 38
    LPAREN          shift and go to state 19

    equality_expression            shift and go to state 89
    relational_expression          shift and go to state 29
    additive_expression            shift and go to state 30
    multiplicative_expression      shift and go to state 31
    unary_expression               shift and go to state 33
    primary_expression             shift and go to state 34

state 57

    (40) equality_expression -> equality_expression EQ . relational_expression
    (42) relational_expression -> . additive_expression
    (43) relational_expression -> . relational_expression LT additive_expression
    (44) relational_expression -> . relational_expression LE additive_expression
    (45) relational_expression -> . relational_expression GT additive_expression
    (46) relational_expression -> . relational_expression GE additive_expression
    (47) additive_expression -> . multiplicative_expression
    (48) additive_expression -> . additive_expression PLUS multiplicative_expression
    (49) additive_expression -> . additive_expression MINUS multiplicative_expression
    (50) multiplicative_expression -> . unary_expression
    (51) multiplicative_expression -> . multiplicative_expression TIMES unary_expression
    (52) multiplicative_expression -> . multiplicative_expression DIVIDE unary_expression
    (53) multiplicative_expression -> . multiplicative_expression MOD unary_expression
    (54) unary_expression -> . primary_expression
    (55) unary_expression -> . MINUS unary_expression
    (56) unary_expression -> . NOT unary_expression
    (57) primary_expression -> . IDENT
    (58) primary_expression -> . NUMBER
    (59) primary_expression -> . BOOL
    (60) primary_expression -> . STRING
    (61) primary_expression -> . LPAREN expression RPAREN
    (62) primary_expression -> . IDENT LPAREN args RPAREN

    MINUS           shift and go to state 32
    NOT             shift and go to state 35
    IDENT           shift and go to state 69
    NUMBER          shift and go to state 36
    BOOL            shift and go to state 37
    STRING          shift and go to state 38
    LPAREN          shift and go to state 19

    relational_expression          shift and go to state 90
    additive_expression            shift and go to state 30
    multiplicative_expression      shift and go to state 31
    unary_expression               shift and go to state 33
    primary_expression             shift and go to state 34

state 58

    (41) equality_expression -> equality_expression NE . relational_expression
    (42) relational_expression -> . additive_expression
    (43) relational_expression -> . relational_expression LT additive_expression
    (44) relational_expression -> . relational_expression LE additive_expression
    (45) relational_expression -> . relational_expression GT additive_expression
    (46) relational_expression -> . relational_expression GE additive_expression
    (47) additive_expression -> . multiplicative_expression
    (48) additive_expression -> . additive_expression PLUS multiplicative_expression
    (49) additive_expression -> . additive_expression MINUS multiplicative_expression
    (50) multiplicative_expression -> . unary_expression
    (51) multiplicative_expression -> . multiplicative_expression TIMES unary_expression
    (52) multiplicative_expression -> . multiplicative_expression DIVIDE unary_expression
    (53) multiplicative_expression -> . multiplicative_expression MOD unary_expression
    (54) unary_expression -> . primary_expression
    (55) unary_expression -> . MINUS unary_expression
    (56) unary_expression -> . NOT unary_expression
    (57) primary_expression -> . IDENT
    (58) primary_expression -> . NUMBER
    (59) primary_expression -> . BOOL
    (60) primary_expression -> . STRING
    (61) primary_expression -> . LPAREN expression RPAREN
    (62) primary_expression -> . IDENT LPAREN args RPAREN

    MINUS           shift and go to state 32
    NOT             shift and go to state 35
    IDENT           shift and go to state 69
    NUMBER          shift and go to state 36
    BOOL            shift and go to state 37
    STRING          shift and go to state 38
    LPAREN          shift and go to state 19

    relational_expression          shift and go to state 91
    additive_expression            shift and go to state 30
    multiplicative_expression      shift and go to state 31
    unary_expression               shift and go to state 33
    primary_expression             shift and go to state 34

state 59

    (43) relational_expression -> relational_expression LT . additive_expression
    (47) additive_expression -> . multiplicative_expression
    (48) additive_expression -> . additive_expression PLUS multiplicative_expression
    (49) additive_expression -> . additive_expression MINUS multiplicative_expression
    (50) multiplicative_expression -> . unary_expression
    (51) multiplicative_expression -> . multiplicative_expression TIMES unary_expression
    (52) multiplicative_expression -> . multiplicative_expression DIVIDE unary_expression
    (53) multiplicative_expression -> . multiplicative_expression MOD unary_expression
    (54) unary_expression -> . primary_expression
    (55) unary_expression -> . MINUS unary_expression
    (56) unary_expression -> . NOT unary_expression
    (57) primary_expression -> . IDENT
    (58) primary_expression -> . NUMBER
    (59) primary_expression -> . BOOL
    (60) primary_expression -> . STRING
    (61) primary_expression -> . LPAREN expression RPAREN
    (62) primary_expression -> . IDENT LPAREN args RPAREN

    MINUS           shift and go to state 32
    NOT             shift and go to state 35
    IDENT           shift and go to state 69
    NUMBER          shift and go to state 36
    BOOL            shift and go to state 37
    STRING          shift and go to state 38
    LPAREN          shift and go to state 19

    additive_expression            shift and go to state 92
    multiplicative_expression      shift and go to state 31
    unary_expression               shift and go to state 33
    primary_expression             shift and go to state 34

state 60

    (44) relational_expression -> relational_expression LE . additive_expression
    (47) additive_expression -> . multiplicative_expression
    (48) additive_expression -> . additive_expression PLUS multiplicative_expression
    (49) additive_expression -> . additive_expression MINUS multiplicative_expression
    (50) multiplicative_expression -> . unary_expression
    (51) multiplicative_expression -> . multiplicative_expression TIMES unary_expression
    (52) multiplicative_expression -> . multiplicative_expression DIVIDE unary_expression
    (53) multiplicative_expression -> . multiplicative_expression MOD unary_expression
    (54) unary_expression -> . primary_expression
    (55) unary_expression -> . MINUS unary_expression
    (56) unary_expression -> . NOT unary_expression
    (57) primary_expression -> . IDENT
    (58) primary_expression -> . NUMBER
    (59) primary_expression -> . BOOL
    (60) primary_expression -> . STRING
    (61) primary_expression -> . LPAREN expression RPAREN
    (62) primary_expression -> . IDENT LPAREN args RPAREN

    MINUS           shift and go to state 32
    NOT             shift and go to state 35
    IDENT           shift and go to state 69
    NUMBER          shift and go to state 36
    BOOL            shift and go to state 37
    STRING          shift and go to state 38
    LPAREN          shift and go to state 19

    additive_expression            shift and go to state 93
    multiplicative_expression      shift and go to state 31
    unary_expression               shift and go to state 33
    primary_expression             shift and go to state 34

state 61

    (45) relational_expression -> relational_expression GT . additive_expression
    (47) additive_expression -> . multiplicative_expression
    (48) additive_expression -> . additive_expression PLUS multiplicative_expression
    (49) additive_expression -> . additive_expression MINUS multiplicative_expression
    (50) multiplicative_expression -> . unary_expression
    (51) multiplicative_expression -> . multiplicative_expression TIMES unary_expression
    (52) multiplicative_expression -> . multiplicative_expression DIVIDE unary_expression
    (53) multiplicative_expression -> . multiplicative_expression MOD unary_expression
    (54) unary_expression -> . primary_expression
    (55) unary_expression -> . MINUS unary_expression
    (56) unary_expression -> . NOT unary_expression
    (57) primary_expression -> . IDENT
    (58) primary_expression -> . NUMBER
    (59) primary_expression -> . BOOL
    (60) primary_expression -> . STRING
    (61) primary_expression -> . LPAREN expression RPAREN
    (62) primary_expression -> . IDENT LPAREN args RPAREN

    MINUS           shift and go to state 32
    NOT             shift and go to state 35
    IDENT           shift and go to state 69
    NUMBER          shift and go to state 36
    BOOL            shift and go to state 37
    STRING          shift and go to state 38
    LPAREN          shift and go to state 19

    additive_expression            shift and go to state 94
    multiplicative_expression      shift and go to state 31
    unary_expression               shift and go to state 33
    primary_expression             shift and go to state 34

state 62

    (46) relational_expression -> relational_expression GE . additive_expression
    (47) additive_expression -> . multiplicative_expression
    (48) additive_expression -> . additive_expression PLUS multiplicative_expression
    (49) additive_expression -> . additive_expression MINUS multiplicative_expression
    (50) multiplicative_expression -> . unary_expression
    (51) multiplicative_expression -> . multiplicative_expression TIMES unary_expression
    (52) multiplicative_expression -> . multiplicative_expression DIVIDE unary_expression
    (53) multiplicative_expression -> . multiplicative_expression MOD unary_expression
    (54) unary_expression -> . primary_expression
    (55) unary_expression -> . MINUS unary_expression
    (56) unary_expression -> . NOT unary_expression
    (57) primary_expression -> . IDENT
    (58) primary_expression -> . NUMBER
    (59) primary_expression -> . BOOL
    (60) primary_expression -> . STRING
    (61) primary_expression -> . LPAREN expression RPAREN
    (62) primary_expression -> . IDENT LPAREN args RPAREN

    MINUS           shift and go to state 32
    NOT             shift and go to state 35
    IDENT           shift and go to state 69
    NUMBER          shift and go to state 36
    BOOL            shift and go to state 37
    STRING          shift and go to state 38
    LPAREN          shift and go to state 19

    additive_expression            shift and go to state 95
    multiplicative_expression      shift and go to state 31
    unary_expression               shift and go to state 33
    primary_expression             shift and go to state 34

state 63

    (48) additive_expression -> additive_expression PLUS . multiplicative_expression
    (50) multiplicative_expression -> . unary_expression
    (51) multiplicative_expression -> . multiplicative_expression TIMES unary_expression
    (52) multiplicative_expression -> . multiplicative_expression DIVIDE unary_expression
    (53) multiplicative_expression -> . multiplicative_expression MOD unary_expression
    (54) unary_expression -> . primary_expression
    (55) unary_expression -> . MINUS unary_expression
    (56) unary_expression -> . NOT unary_expression
    (57) primary_expression -> . IDENT
    (58) primary_expression -> . NUMBER
    (59) primary_expression -> . BOOL
    (60) primary_expression -> . STRING
    (61) primary_expression -> . LPAREN expression RPAREN
    (62) primary_expression -> . IDENT LPAREN args RPAREN

    MINUS           shift and go to state 32
    NOT             shift and go to state 35
    IDENT           shift and go to state 69
    NUMBER          shift and go to state 36
    BOOL            shift and go to state 37
    STRING          shift and go to state 38
    LPAREN          shift and go to state 19

    multiplicative_expression      shift and go to state 96
    unary_expression               shift and go to state 33
    primary_expression             shift and go to state 34

state 64

    (49) additive_expression -> additive_expression MINUS . multiplicative_expression
    (50) multiplicative_expression -> . unary_expression
    (51) multiplicative_expression -> . multiplicative_expression TIMES unary_expression
    (52) multiplicative_expression -> . multiplicative_expression DIVIDE unary_expression
    (53) multiplicative_expression -> . multiplicative_expression MOD unary_expression
    (54) unary_expression -> . primary_expression
    (55) unary_expression -> . MINUS unary_expression
    (56) unary_expression -> . NOT unary_expression
    (57) primary_expression -> . IDENT
    (58) primary_expression -> . NUMBER
    (59) primary_expression -> . BOOL
    (60) primary_expression -> . STRING
    (61) primary_expression -> . LPAREN expression RPAREN
    (62) primary_expression -> . IDENT LPAREN args RPAREN

    MINUS           shift and go to state 32
    NOT             shift and go to state 35
    IDENT           shift and go to state 69
    NUMBER          shift and go to state 36
    BOOL            shift and go to state 37
    STRING          shift and go to state 38
    LPAREN          shift and go to state 19

    multiplicative_expression      shift and go to state 97
    unary_expression               shift and go to state 33
    primary_expression             shift and go to state 34

state 65

    (51) multiplicative_expression -> multiplicative_expression TIMES . unary_expression
    (54) unary_expression -> . primary_expression
    (55) unary_expression -> . MINUS unary_expression
    (56) unary_expression -> . NOT unary_expression
    (57) primary_expression -> . IDENT
    (58) primary_expression -> . NUMBER
    (59) primary_expression -> . BOOL
    (60) primary_expression -> . STRING
    (61) primary_expression -> . LPAREN expression RPAREN
    (62) primary_expression -> . IDENT LPAREN args RPAREN

    MINUS           shift and go to state 32
    NOT             shift and go to state 35
    IDENT           shift and go to state 69
    NUMBER          shift and go to state 36
    BOOL            shift and go to state 37
    STRING          shift and go to state 38
    LPAREN          shift and go to state 19

    unary_expression               shift and go to state 98
    primary_expression             shift and go to state 34

state 66

    (52) multiplicative_expression -> multiplicative_expression DIVIDE . unary_expression
    (54) unary_expression -> . primary_expression
    (55) unary_expression -> . MINUS unary_expression
    (56) unary_expression -> . NOT unary_expression
    (57) primary_expression -> . IDENT
    (58) primary_expression -> . NUMBER
    (59) primary_expression -> . BOOL
    (60) primary_expression -> . STRING
    (61) primary_expression -> . LPAREN expression RPAREN
    (62) primary_expression -> . IDENT LPAREN args RPAREN

    MINUS           shift and go to state 32
    NOT             shift and go to state 35
    IDENT           shift and go to state 69
    NUMBER          shift and go to state 36
    BOOL            shift and go to state 37
    STRING          shift and go to state 38
    LPAREN          shift and go to state 19

    unary_expression               shift and go to state 99
    primary_expression             shift and go to state 34

state 67

    (53) multiplicative_expression -> multiplicative_expression MOD . unary_expression
    (54) unary_expression -> . primary_expression
    (55) unary_expression -> . MINUS unary_expression
    (56) unary_expression -> . NOT unary_expression
    (57) primary_expression -> . IDENT
    (58) primary_expression -> . NUMBER
    (59) primary_expression -> . BOOL
    (60) primary_expression -> . STRING
    (61) primary_expression -> . LPAREN expression RPAREN
    (62) primary_expression -> . IDENT LPAREN args RPAREN

    MINUS           shift and go to state 32
    NOT             shift and go to state 35
    IDENT           shift and go to state 69
    NUMBER          shift and go to state 36
    BOOL            shift and go to state 37
    STRING          shift and go to state 38
    LPAREN          shift and go to state 19

    unary_expression               shift and go to state 100
    primary_expression             shift and go to state 34

state 68

    (55) unary_expression -> MINUS unary_expression .

    TIMES           reduce using rule 55 (unary_expression -> MINUS unary_expression .)
    DIVIDE          reduce using rule 55 (unary_expression -> MINUS unary_expression .)
    MOD             reduce using rule 55 (unary_expression -> MINUS unary_expression .)
    PLUS            reduce using rule 55 (unary_expression -> MINUS unary_expression .)
    MINUS           reduce using rule 55 (unary_expression -> MINUS unary_expression .)
    LT              reduce using rule 55 (unary_expression -> MINUS unary_expression .)
    LE              reduce using rule 55 (unary_expression -> MINUS unary_expression .)
    GT              reduce using rule 55 (unary_expression -> MINUS unary_expression .)
    GE              reduce using rule 55 (unary_expression -> MINUS unary_expression .)
    EQ              reduce using rule 55 (unary_expression -> MINUS unary_expression .)
    NE              reduce using rule 55 (unary_expression -> MINUS unary_expression .)
    AND             reduce using rule 55 (unary_expression -> MINUS unary_expression .)
    OR              reduce using rule 55 (unary_expression -> MINUS unary_expression .)
    SEMI            reduce using rule 55 (unary_expression -> MINUS unary_expression .)
    RPAREN          reduce using rule 55 (unary_expression -> MINUS unary_expression .)
    COMMA           reduce using rule 55 (unary_expression -> MINUS unary_expression .)


state 69

    (57) primary_expression -> IDENT .
    (62) primary_expression -> IDENT . LPAREN args RPAREN

    TIMES           reduce using rule 57 (primary_expression -> IDENT .)
    DIVIDE          reduce using rule 57 (primary_expression -> IDENT .)
    MOD             reduce using rule 57 (primary_expression -> IDENT .)
    PLUS            reduce using rule 57 (primary_expression -> IDENT .)
    MINUS           reduce using rule 57 (primary_expression -> IDENT .)
    LT              reduce using rule 57 (primary_expression -> IDENT .)
    LE              reduce using rule 57 (primary_expression -> IDENT .)
    GT              reduce using rule 57 (primary_expression -> IDENT .)
    GE              reduce using rule 57 (primary_expression -> IDENT .)
    EQ              reduce using rule 57 (primary_expression -> IDENT .)
    NE              reduce using rule 57 (primary_expression -> IDENT .)
    AND             reduce using rule 57 (primary_expression -> IDENT .)
    OR              reduce using rule 57 (primary_expression -> IDENT .)
    SEMI            reduce using rule 57 (primary_expression -> IDENT .)
    RPAREN          reduce using rule 57 (primary_expression -> IDENT .)
    COMMA           reduce using rule 57 (primary_expression -> IDENT .)
    LPAREN          shift and go to state 45


state 70

    (56) unary_expression -> NOT unary_expression .

    TIMES           reduce using rule 56 (unary_expression -> NOT unary_expression .)
    DIVIDE          reduce using rule 56 (unary_expression -> NOT unary_expression .)
    MOD             reduce using rule 56 (unary_expression -> NOT unary_expression .)
    PLUS            reduce using rule 56 (unary_expression -> NOT unary_expression .)
    MINUS           reduce using rule 56 (unary_expression -> NOT unary_expression .)
    LT              reduce using rule 56 (unary_expression -> NOT unary_expression .)
    LE              reduce using rule 56 (unary_expression -> NOT unary_expression .)
    GT              reduce using rule 56 (unary_expression -> NOT unary_expression .)
    GE              reduce using rule 56 (unary_expression -> NOT unary_expression .)
    EQ              reduce using rule 56 (unary_expression -> NOT unary_expression .)
    NE              reduce using rule 56 (unary_expression -> NOT unary_expression .)
    AND             reduce using rule 56 (unary_expression -> NOT unary_expression .)
    OR              reduce using rule 56 (unary_expression -> NOT unary_expression .)
    SEMI            reduce using rule 56 (unary_expression -> NOT unary_expression .)
    RPAREN          reduce using rule 56 (unary_expression -> NOT unary_expression .)
    COMMA           reduce using rule 56 (unary_expression -> NOT unary_expression .)


state 71

    (15) block_statement -> LBRACE statement_list RBRACE .

    SEMI            reduce using rule 15 (block_statement -> LBRACE statement_list RBRACE .)
    LBRACE          reduce using rule 15 (block_statement -> LBRACE statement_list RBRACE .)
    VAR             reduce using rule 15 (block_statement -> LBRACE statement_list RBRACE .)
    IF              reduce using rule 15 (block_statement -> LBRACE statement_list RBRACE .)
    FOR             reduce using rule 15 (block_statement -> LBRACE statement_list RBRACE .)
    WHILE           reduce using rule 15 (block_statement -> LBRACE statement_list RBRACE .)
    PRINT           reduce using rule 15 (block_statement -> LBRACE statement_list RBRACE .)
    FUNC            reduce using rule 15 (block_statement -> LBRACE statement_list RBRACE .)
    RETURN          reduce using rule 15 (block_statement -> LBRACE statement_list RBRACE .)
    IDENT           reduce using rule 15 (block_statement -> LBRACE statement_list RBRACE .)
    MINUS           reduce using rule 15 (block_statement -> LBRACE statement_list RBRACE .)
    NOT             reduce using rule 15 (block_statement -> LBRACE statement_list RBRACE .)
    NUMBER          reduce using rule 15 (block_statement -> LBRACE statement_list RBRACE .)
    BOOL            reduce using rule 15 (block_statement -> LBRACE statement_list RBRACE .)
    STRING          reduce using rule 15 (block_statement -> LBRACE statement_list RBRACE .)
    LPAREN          reduce using rule 15 (block_statement -> LBRACE statement_list RBRACE .)
    $end            reduce using rule 15 (block_statement -> LBRACE statement_list RBRACE .)
    RBRACE          reduce using rule 15 (block_statement -> LBRACE statement_list RBRACE .)
    ELSE            reduce using rule 15 (block_statement -> LBRACE statement_list RBRACE .)


state 72

    (16) var_declaration -> VAR IDENT COLON . type SEMI
    (17) var_declaration -> VAR IDENT COLON . type ASSIGN expression SEMI
    (18) type -> . TYPE

    TYPE            shift and go to state 102

    type                           shift and go to state 101

state 73

    (33) assignment_expression -> IDENT ASSIGN expression .

    SEMI            reduce using rule 33 (assignment_expression -> IDENT ASSIGN expression .)
    RPAREN          reduce using rule 33 (assignment_expression -> IDENT ASSIGN expression .)
    COMMA           reduce using rule 33 (assignment_expression -> IDENT ASSIGN expression .)


state 74

    (34) assignment_expression -> IDENT DECLARE expression .

    SEMI            reduce using rule 34 (assignment_expression -> IDENT DECLARE expression .)
    RPAREN          reduce using rule 34 (assignment_expression -> IDENT DECLARE expression .)
    COMMA           reduce using rule 34 (assignment_expression -> IDENT DECLARE expression .)


state 75

    (62) primary_expression -> IDENT LPAREN args . RPAREN
    (64) args -> args . COMMA expression

    RPAREN          shift and go to state 103
    COMMA           shift and go to state 104


state 76

    (63) args -> expression .

    RPAREN          reduce using rule 63 (args -> expression .)
    COMMA           reduce using rule 63 (args -> expression .)


state 77

    (19) if_statement -> IF LPAREN expression . RPAREN statement
    (20) if_statement -> IF LPAREN expression . RPAREN statement ELSE statement

    RPAREN          shift and go to state 105


state 78

    (61) primary_expression -> LPAREN expression RPAREN .

    TIMES           reduce using rule 61 (primary_expression -> LPAREN expression RPAREN .)
    DIVIDE          reduce using rule 61 (primary_expression -> LPAREN expression RPAREN .)
    MOD             reduce using rule 61 (primary_expression -> LPAREN expression RPAREN .)
    PLUS            reduce using rule 61 (primary_expression -> LPAREN expression RPAREN .)
    MINUS           reduce using rule 61 (primary_expression -> LPAREN expression RPAREN .)
    LT              reduce using rule 61 (primary_expression -> LPAREN expression RPAREN .)
    LE              reduce using rule 61 (primary_expression -> LPAREN expression RPAREN .)
    GT              reduce using rule 61 (primary_expression -> LPAREN expression RPAREN .)
    GE              reduce using rule 61 (primary_expression -> LPAREN expression RPAREN .)
    EQ              reduce using rule 61 (primary_expression -> LPAREN expression RPAREN .)
    NE              reduce using rule 61 (primary_expression -> LPAREN expression RPAREN .)
    AND             reduce using rule 61 (primary_expression -> LPAREN expression RPAREN .)
    OR              reduce using rule 61 (primary_expression -> LPAREN expression RPAREN .)
    SEMI            reduce using rule 61 (primary_expression -> LPAREN expression RPAREN .)
    RPAREN          reduce using rule 61 (primary_expression -> LPAREN expression RPAREN .)
    COMMA           reduce using rule 61 (primary_expression -> LPAREN expression RPAREN .)


state 79

    (21) for_statement -> FOR LPAREN expression_statement . expression_statement expression RPAREN statement
    (23) for_statement -> FOR LPAREN expression_statement . expression_statement RPAREN statement
    (13) expression_statement -> . expression SEMI
    (14) expression_statement -> . SEMI
    (31) expression -> . assignment_expression
    (32) expression -> . logical_or_expression
    (33) assignment_expression -> . IDENT ASSIGN expression
    (34) assignment_expression -> . IDENT DECLARE expression
    (35) logical_or_expression -> . logical_and_expression
    (36) logical_or_expression -> . logical_or_expression OR logical_and_expression
    (37) logical_and_expression -> . equality_expression
    (38) logical_and_expression -> . logical_and_expression AND equality_expression
    (39) equality_expression -> . relational_expression
    (40) equality_expression -> . equality_expression EQ relational_expression
    (41) equality_expression -> . equality_expression NE relational_expression
    (42) relational_expression -> . additive_expression
    (43) relational_expression -> . relational_expression LT additive_expression
    (44) relational_expression -> . relational_expression LE additive_expression
    (45) relational_expression -> . relational_expression GT additive_expression
    (46) relational_expression -> . relational_expression GE additive_expression
    (47) additive_expression -> . multiplicative_expression
    (48) additive_expression -> . additive_expression PLUS multiplicative_expression
    (49) additive_expression -> . additive_expression MINUS multiplicative_expression
    (50) multiplicative_expression -> . unary_expression
    (51) multiplicative_expression -> . multiplicative_expression TIMES unary_expression
    (52) multiplicative_expression -> . multiplicative_expression DIVIDE unary_expression
    (53) multiplicative_expression -> . multiplicative_expression MOD unary_expression
    (54) unary_expression -> . primary_expression
    (55) unary_expression -> . MINUS unary_expression
    (56) unary_expression -> . NOT unary_expression
    (57) primary_expression -> . IDENT
    (58) primary_expression -> . NUMBER
    (59) primary_expression -> . BOOL
    (60) primary_expression -> . STRING
    (61) primary_expression -> . LPAREN expression RPAREN
    (62) primary_expression -> . IDENT LPAREN args RPAREN

    SEMI            shift and go to state 14
    IDENT           shift and go to state 17
    MINUS           shift and go to state 32
    NOT             shift and go to state 35
    NUMBER          shift and go to state 36
    BOOL            shift and go to state 37
    STRING          shift and go to state 38
    LPAREN          shift and go to state 19

    expression_statement           shift and go to state 106
    expression                     shift and go to state 13
    assignment_expression          shift and go to state 25
    logical_or_expression          shift and go to state 26
    logical_and_expression         shift and go to state 27
    equality_expression            shift and go to state 28
    relational_expression          shift and go to state 29
    additive_expression            shift and go to state 30
    multiplicative_expression      shift and go to state 31
    unary_expression               shift and go to state 33
    primary_expression             shift and go to state 34

state 80

    (61) primary_expression -> LPAREN expression . RPAREN
    (13) expression_statement -> expression . SEMI

    RPAREN          shift and go to state 78
    SEMI            shift and go to state 40


state 81

    (25) for_statement -> FOR LPAREN RPAREN . statement
    (4) statement -> . expression_statement
    (5) statement -> . block_statement
    (6) statement -> . var_declaration
    (7) statement -> . if_statement
    (8) statement -> . for_statement
    (9) statement -> . while_statement
    (10) statement -> . print_statement
    (11) statement -> . func_declaration
    (12) statement -> . return_statement
    (13) expression_statement -> . expression SEMI
    (14) expression_statement -> . SEMI
    (15) block_statement -> . LBRACE statement_list RBRACE
    (16) var_declaration -> . VAR IDENT COLON type SEMI
    (17) var_declaration -> . VAR IDENT COLON type ASSIGN expression SEMI
    (19) if_statement -> . IF LPAREN expression RPAREN statement
    (20) if_statement -> . IF LPAREN expression RPAREN statement ELSE statement
    (21) for_statement -> . FOR LPAREN expression_statement expression_statement expression RPAREN statement
    (22) for_statement -> . FOR LPAREN var_declaration expression_statement expression RPAREN statement
    (23) for_statement -> . FOR LPAREN expression_statement expression_statement RPAREN statement
    (24) for_statement -> . FOR LPAREN var_declaration expression_statement RPAREN statement
    (25) for_statement -> . FOR LPAREN RPAREN statement
    (26) for_statement -> . FOR statement
    (27) while_statement -> . WHILE LPAREN expression RPAREN statement
    (28) print_statement -> . PRINT LPAREN expression_list RPAREN SEMI
    (65) func_declaration -> . FUNC IDENT LPAREN params RPAREN COLON type block_statement
    (66) func_declaration -> . FUNC IDENT LPAREN RPAREN COLON type block_statement
    (67) func_declaration -> . FUNC IDENT LPAREN params RPAREN block_statement
    (68) func_declaration -> . FUNC IDENT LPAREN RPAREN block_statement
    (72) return_statement -> . RETURN expression SEMI
    (73) return_statement -> . RETURN SEMI
    (31) expression -> . assignment_expression
    (32) expression -> . logical_or_expression
    (33) assignment_expression -> . IDENT ASSIGN expression
    (34) assignment_expression -> . IDENT DECLARE expression
    (35) logical_or_expression -> . logical_and_expression
    (36) logical_or_expression -> . logical_or_expression OR logical_and_expression
    (37) logical_and_expression -> . equality_expression
    (38) logical_and_expression -> . logical_and_expression AND equality_expression
    (39) equality_expression -> . relational_expression
    (40) equality_expression -> . equality_expression EQ relational_expression
    (41) equality_expression -> . equality_expression NE relational_expression
    (42) relational_expression -> . additive_expression
    (43) relational_expression -> . relational_expression LT additive_expression
    (44) relational_expression -> . relational_expression LE additive_expression
    (45) relational_expression -> . relational_expression GT additive_expression
    (46) relational_expression -> . relational_expression GE additive_expression
    (47) additive_expression -> . multiplicative_expression
    (48) additive_expression -> . additive_expression PLUS multiplicative_expression
    (49) additive_expression -> . additive_expression MINUS multiplicative_expression
    (50) multiplicative_expression -> . unary_expression
    (51) multiplicative_expression -> . multiplicative_expression TIMES unary_expression
    (52) multiplicative_expression -> . multiplicative_expression DIVIDE unary_expression
    (53) multiplicative_expression -> . multiplicative_expression MOD unary_expression
    (54) unary_expression -> . primary_expression
    (55) unary_expression -> . MINUS unary_expression
    (56) unary_expression -> . NOT unary_expression
    (57) primary_expression -> . IDENT
    (58) primary_expression -> . NUMBER
    (59) primary_expression -> . BOOL
    (60) primary_expression -> . STRING
    (61) primary_expression -> . LPAREN expression RPAREN
    (62) primary_expression -> . IDENT LPAREN args RPAREN

    SEMI            shift and go to state 14
    LBRACE          shift and go to state 15
    VAR             shift and go to state 16
    IF              shift and go to state 18
    FOR             shift and go to state 20
    WHILE           shift and go to state 21
    PRINT           shift and go to state 22
    FUNC            shift and go to state 23
    RETURN          shift and go to state 24
    IDENT           shift and go to state 17
    MINUS           shift and go to state 32
    NOT             shift and go to state 35
    NUMBER          shift and go to state 36
    BOOL            shift and go to state 37
    STRING          shift and go to state 38
    LPAREN          shift and go to state 19

    statement                      shift and go to state 107
    expression_statement           shift and go to state 4
    block_statement                shift and go to state 5
    var_declaration                shift and go to state 6
    if_statement                   shift and go to state 7
    for_statement                  shift and go to state 8
    while_statement                shift and go to state 9
    print_statement                shift and go to state 10
    func_declaration               shift and go to state 11
    return_statement               shift and go to state 12
    expression                     shift and go to state 13
    assignment_expression          shift and go to state 25
    logical_or_expression          shift and go to state 26
    logical_and_expression         shift and go to state 27
    equality_expression            shift and go to state 28
    relational_expression          shift and go to state 29
    additive_expression            shift and go to state 30
    multiplicative_expression      shift and go to state 31
    unary_expression               shift and go to state 33
    primary_expression             shift and go to state 34

state 82

    (22) for_statement -> FOR LPAREN var_declaration . expression_statement expression RPAREN statement
    (24) for_statement -> FOR LPAREN var_declaration . expression_statement RPAREN statement
    (13) expression_statement -> . expression SEMI
    (14) expression_statement -> . SEMI
    (31) expression -> . assignment_expression
    (32) expression -> . logical_or_expression
    (33) assignment_expression -> . IDENT ASSIGN expression
    (34) assignment_expression -> . IDENT DECLARE expression
    (35) logical_or_expression -> . logical_and_expression
    (36) logical_or_expression -> . logical_or_expression OR logical_and_expression
    (37) logical_and_expression -> . equality_expression
    (38) logical_and_expression -> . logical_and_expression AND equality_expression
    (39) equality_expression -> . relational_expression
    (40) equality_expression -> . equality_expression EQ relational_expression
    (41) equality_expression -> . equality_expression NE relational_expression
    (42) relational_expression -> . additive_expression
    (43) relational_expression -> . relational_expression LT additive_expression
    (44) relational_expression -> . relational_expression LE additive_expression
    (45) relational_expression -> . relational_expression GT additive_expression
    (46) relational_expression -> . relational_expression GE additive_expression
    (47) additive_expression -> . multiplicative_expression
    (48) additive_expression -> . additive_expression PLUS multiplicative_expression
    (49) additive_expression -> . additive_expression MINUS multiplicative_expression
    (50) multiplicative_expression -> . unary_expression
    (51) multiplicative_expression -> . multiplicative_expression TIMES unary_expression
    (52) multiplicative_expression -> . multiplicative_expression DIVIDE unary_expression
    (53) multiplicative_expression -> . multiplicative_expression MOD unary_expression
    (54) unary_expression -> . primary_expression
    (55) unary_expression -> . MINUS unary_expression
    (56) unary_expression -> . NOT unary_expression
    (57) primary_expression -> . IDENT
    (58) primary_expression -> . NUMBER
    (59) primary_expression -> . BOOL
    (60) primary_expression -> . STRING
    (61) primary_expression -> . LPAREN expression RPAREN
    (62) primary_expression -> . IDENT LPAREN args RPAREN

    SEMI            shift and go to state 14
    IDENT           shift and go to state 17
    MINUS           shift and go to state 32
    NOT             shift and go to state 35
    NUMBER          shift and go to state 36
    BOOL            shift and go to state 37
    STRING          shift and go to state 38
    LPAREN          shift and go to state 19

    expression_statement           shift and go to state 108
    expression                     shift and go to state 13
    assignment_expression          shift and go to state 25
    logical_or_expression          shift and go to state 26
    logical_and_expression         shift and go to state 27
    equality_expression            shift and go to state 28
    relational_expression          shift and go to state 29
    additive_expression            shift and go to state 30
    multiplicative_expression      shift and go to state 31
    unary_expression               shift and go to state 33
    primary_expression             shift and go to state 34

state 83

    (27) while_statement -> WHILE LPAREN expression . RPAREN statement

    RPAREN          shift and go to state 109


state 84

    (28) print_statement -> PRINT LPAREN expression_list . RPAREN SEMI
    (30) expression_list -> expression_list . COMMA expression

    RPAREN          shift and go to state 110
    COMMA           shift and go to state 111


state 85

    (29) expression_list -> expression .

    RPAREN          reduce using rule 29 (expression_list -> expression .)
    COMMA           reduce using rule 29 (expression_list -> expression .)


state 86

    (65) func_declaration -> FUNC IDENT LPAREN . params RPAREN COLON type block_statement
    (66) func_declaration -> FUNC IDENT LPAREN . RPAREN COLON type block_statement
    (67) func_declaration -> FUNC IDENT LPAREN . params RPAREN block_statement
    (68) func_declaration -> FUNC IDENT LPAREN . RPAREN block_statement
    (69) params -> . param
    (70) params -> . params COMMA param
    (71) param -> . IDENT COLON type

    RPAREN          shift and go to state 114
    IDENT           shift and go to state 112

    params                         shift and go to state 113
    param                          shift and go to state 115

state 87

    (72) return_statement -> RETURN expression SEMI .

    SEMI            reduce using rule 72 (return_statement -> RETURN expression SEMI .)
    LBRACE          reduce using rule 72 (return_statement -> RETURN expression SEMI .)
    VAR             reduce using rule 72 (return_statement -> RETURN expression SEMI .)
    IF              reduce using rule 72 (return_statement -> RETURN expression SEMI .)
    FOR             reduce using rule 72 (return_statement -> RETURN expression SEMI .)
    WHILE           reduce using rule 72 (return_statement -> RETURN expression SEMI .)
    PRINT           reduce using rule 72 (return_statement -> RETURN expression SEMI .)
    FUNC            reduce using rule 72 (return_statement -> RETURN expression SEMI .)
    RETURN          reduce using rule 72 (return_statement -> RETURN expression SEMI .)
    IDENT           reduce using rule 72 (return_statement -> RETURN expression SEMI .)
    MINUS           reduce using rule 72 (return_statement -> RETURN expression SEMI .)
    NOT             reduce using rule 72 (return_statement -> RETURN expression SEMI .)
    NUMBER          reduce using rule 72 (return_statement -> RETURN expression SEMI .)
    BOOL            reduce using rule 72 (return_statement -> RETURN expression SEMI .)
    STRING          reduce using rule 72 (return_statement -> RETURN expression SEMI .)
    LPAREN          reduce using rule 72 (return_statement -> RETURN expression SEMI .)
    $end            reduce using rule 72 (return_statement -> RETURN expression SEMI .)
    RBRACE          reduce using rule 72 (return_statement -> RETURN expression SEMI .)
    ELSE            reduce using rule 72 (return_statement -> RETURN expression SEMI .)


state 88

    (36) logical_or_expression -> logical_or_expression OR logical_and_expression .
    (38) logical_and_expression -> logical_and_expression . AND equality_expression

    OR              reduce using rule 36 (logical_or_expression -> logical_or_expression OR logical_and_expression .)
    SEMI            reduce using rule 36 (logical_or_expression -> logical_or_expression OR logical_and_expression .)
    RPAREN          reduce using rule 36 (logical_or_expression -> logical_or_expression OR logical_and_expression .)
    COMMA           reduce using rule 36 (logical_or_expression -> logical_or_expression OR logical_and_expression .)
    AND             shift and go to state 56


state 89

    (38) logical_and_expression -> logical_and_expression AND equality_expression .
    (40) equality_expression -> equality_expression . EQ relational_expression
    (41) equality_expression -> equality_expression . NE relational_expression

    AND             reduce using rule 38 (logical_and_expression -> logical_and_expression AND equality_expression .)
    OR              reduce using rule 38 (logical_and_expression -> logical_and_expression AND equality_expression .)
    SEMI            reduce using rule 38 (logical_and_expression -> logical_and_expression AND equality_expression .)
    RPAREN          reduce using rule 38 (logical_and_expression -> logical_and_expression AND equality_expression .)
    COMMA           reduce using rule 38 (logical_and_expression -> logical_and_expression AND equality_expression .)
    EQ              shift and go to state 57
    NE              shift and go to state 58


state 90

    (40) equality_expression -> equality_expression EQ relational_expression .
    (43) relational_expression -> relational_expression . LT additive_expression
    (44) relational_expression -> relational_expression . LE additive_expression
    (45) relational_expression -> relational_expression . GT additive_expression
    (46) relational_expression -> relational_expression . GE additive_expression

    EQ              reduce using rule 40 (equality_expression -> equality_expression EQ relational_expression .)
    NE              reduce using rule 40 (equality_expression -> equality_expression EQ relational_expression .)
    AND             reduce using rule 40 (equality_expression -> equality_expression EQ relational_expression .)
    OR              reduce using rule 40 (equality_expression -> equality_expression EQ relational_expression .)
    SEMI            reduce using rule 40 (equality_expression -> equality_expression EQ relational_expression .)
    RPAREN          reduce using rule 40 (equality_expression -> equality_expression EQ relational_expression .)
    COMMA           reduce using rule 40 (equality_expression -> equality_expression EQ relational_expression .)
    LT              shift and go to state 59
    LE              shift and go to state 60
    GT              shift and go to state 61
    GE              shift and go to state 62


state 91

    (41) equality_expression -> equality_expression NE relational_expression .
    (43) relational_expression -> relational_expression . LT additive_expression
    (44) relational_expression -> relational_expression . LE additive_expression
    (45) relational_expression -> relational_expression . GT additive_expression
    (46) relational_expression -> relational_expression . GE additive_expression

    EQ              reduce using rule 41 (equality_expression -> equality_expression NE relational_expression .)
    NE              reduce using rule 41 (equality_expression -> equality_expression NE relational_expression .)
    AND             reduce using rule 41 (equality_expression -> equality_expression NE relational_expression .)
    OR              reduce using rule 41 (equality_expression -> equality_expression NE relational_expression .)
    SEMI            reduce using rule 41 (equality_expression -> equality_expression NE relational_expression .)
    RPAREN          reduce using rule 41 (equality_expression -> equality_expression NE relational_expression .)
    COMMA           reduce using rule 41 (equality_expression -> equality_expression NE relational_expression .)
    LT              shift and go to state 59
    LE              shift and go to state 60
    GT              shift and go to state 61
    GE              shift and go to state 62


state 92

    (43) relational_expression -> relational_expression LT additive_expression .
    (48) additive_expression -> additive_expression . PLUS multiplicative_expression
    (49) additive_expression -> additive_expression . MINUS multiplicative_expression

    LT              reduce using rule 43 (relational_expression -> relational_expression LT additive_expression .)
    LE              reduce using rule 43 (relational_expression -> relational_expression LT additive_expression .)
    GT              reduce using rule 43 (relational_expression -> relational_expression LT additive_expression .)
    GE              reduce using rule 43 (relational_expression -> relational_expression LT additive_expression .)
    EQ              reduce using rule 43 (relational_expression -> relational_expression LT additive_expression .)
    NE              reduce using rule 43 (relational_expression -> relational_expression LT additive_expression .)
    AND             reduce using rule 43 (relational_expression -> relational_expression LT additive_expression .)
    OR              reduce using rule 43 (relational_expression -> relational_expression LT additive_expression .)
    SEMI            reduce using rule 43 (relational_expression -> relational_expression LT additive_expression .)
    RPAREN          reduce using rule 43 (relational_expression -> relational_expression LT additive_expression .)
    COMMA           reduce using rule 43 (relational_expression -> relational_expression LT additive_expression .)
    PLUS            shift and go to state 63
    MINUS           shift and go to state 64


state 93

    (44) relational_expression -> relational_expression LE additive_expression .
    (48) additive_expression -> additive_expression . PLUS multiplicative_expression
    (49) additive_expression -> additive_expression . MINUS multiplicative_expression

    LT              reduce using rule 44 (relational_expression -> relational_expression LE additive_expression .)
    LE              reduce using rule 44 (relational_expression -> relational_expression LE additive_expression .)
    GT              reduce using rule 44 (relational_expression -> relational_expression LE additive_expression .)
    GE              reduce using rule 44 (relational_expression -> relational_expression LE additive_expression .)
    EQ              reduce using rule 44 (relational_expression -> relational_expression LE additive_expression .)
    NE              reduce using rule 44 (relational_expression -> relational_expression LE additive_expression .)
    AND             reduce using rule 44 (relational_expression -> relational_expression LE additive_expression .)
    OR              reduce using rule 44 (relational_expression -> relational_expression LE additive_expression .)
    SEMI            reduce using rule 44 (relational_expression -> relational_expression LE additive_expression .)
    RPAREN          reduce using rule 44 (relational_expression -> relational_expression LE additive_expression .)
    COMMA           reduce using rule 44 (relational_expression -> relational_expression LE additive_expression .)
    PLUS            shift and go to state 63
    MINUS           shift and go to state 64


state 94

    (45) relational_expression -> relational_expression GT additive_expression .
    (48) additive_expression -> additive_expression . PLUS multiplicative_expression
    (49) additive_expression -> additive_expression . MINUS multiplicative_expression

    LT              reduce using rule 45 (relational_expression -> relational_expression GT additive_expression .)
    LE              reduce using rule 45 (relational_expression -> relational_expression GT additive_expression .)
    GT              reduce using rule 45 (relational_expression -> relational_expression GT additive_expression .)
    GE              reduce using rule 45 (relational_expression -> relational_expression GT additive_expression .)
    EQ              reduce using rule 45 (relational_expression -> relational_expression GT additive_expression .)
    NE              reduce using rule 45 (relational_expression -> relational_expression GT additive_expression .)
    AND             reduce using rule 45 (relational_expression -> relational_expression GT additive_expression .)
    OR              reduce using rule 45 (relational_expression -> relational_expression GT additive_expression .)
    SEMI            reduce using rule 45 (relational_expression -> relational_expression GT additive_expression .)
    RPAREN          reduce using rule 45 (relational_expression -> relational_expression GT additive_expression .)
    COMMA           reduce using rule 45 (relational_expression -> relational_expression GT additive_expression .)
    PLUS            shift and go to state 63
    MINUS           shift and go to state 64


state 95

    (46) relational_expression -> relational_expression GE additive_expression .
    (48) additive_expression -> additive_expression . PLUS multiplicative_expression
    (49) additive_expression -> additive_expression . MINUS multiplicative_expression

    LT              reduce using rule 46 (relational_expression -> relational_expression GE additive_expression .)
    LE              reduce using rule 46 (relational_expression -> relational_expression GE additive_expression .)
    GT              reduce using rule 46 (relational_expression -> relational_expression GE additive_expression .)
    GE              reduce using rule 46 (relational_expression -> relational_expression GE additive_expression .)
    EQ              reduce using rule 46 (relational_expression -> relational_expression GE additive_expression .)
    NE              reduce using rule 46 (relational_expression -> relational_expression GE additive_expression .)
    AND             reduce using rule 46 (relational_expression -> relational_expression GE additive_expression .)
    OR              reduce using rule 46 (relational_expression -> relational_expression GE additive_expression .)
    SEMI            reduce using rule 46 (relational_expression -> relational_expression GE additive_expression .)
    RPAREN          reduce using rule 46 (relational_expression -> relational_expression GE additive_expression .)
    COMMA           reduce using rule 46 (relational_expression -> relational_expression GE additive_expression .)
    PLUS            shift and go to state 63
    MINUS           shift and go to state 64


state 96

    (48) additive_expression -> additive_expression PLUS multiplicative_expression .
    (51) multiplicative_expression -> multiplicative_expression . TIMES unary_expression
    (52) multiplicative_expression -> multiplicative_expression . DIVIDE unary_expression
    (53) multiplicative_expression -> multiplicative_expression . MOD unary_expression

    PLUS            reduce using rule 48 (additive_expression -> additive_expression PLUS multiplicative_expression .)
    MINUS           reduce using rule 48 (additive_expression -> additive_expression PLUS multiplicative_expression .)
    LT              reduce using rule 48 (additive_expression -> additive_expression PLUS multiplicative_expression .)
    LE              reduce using rule 48 (additive_expression -> additive_expression PLUS multiplicative_expression .)
    GT              reduce using rule 48 (additive_expression -> additive_expression PLUS multiplicative_expression .)
    GE              reduce using rule 48 (additive_expression -> additive_expression PLUS multiplicative_expression .)
    EQ              reduce using rule 48 (additive_expression -> additive_expression PLUS multiplicative_expression .)
    NE              reduce using rule 48 (additive_expression -> additive_expression PLUS multiplicative_expression .)
    AND             reduce using rule 48 (additive_expression -> additive_expression PLUS multiplicative_expression .)
    OR              reduce using rule 48 (additive_expression -> additive_expression PLUS multiplicative_expression .)
    SEMI            reduce using rule 48 (additive_expression -> additive_expression PLUS multiplicative_expression .)
    RPAREN          reduce using rule 48 (additive_expression -> additive_expression PLUS multiplicative_expression .)
    COMMA           reduce using rule 48 (additive_expression -> additive_expression PLUS multiplicative_expression .)
    TIMES           shift and go to state 65
    DIVIDE          shift and go to state 66
    MOD             shift and go to state 67


state 97

    (49) additive_expression -> additive_expression MINUS multiplicative_expression .
    (51) multiplicative_expression -> multiplicative_expression . TIMES unary_expression
    (52) multiplicative_expression -> multiplicative_expression . DIVIDE unary_expression
    (53) multiplicative_expression -> multiplicative_expression . MOD unary_expression

    PLUS            reduce using rule 49 (additive_expression -> additive_expression MINUS multiplicative_expression .)
    MINUS           reduce using rule 49 (additive_expression -> additive_expression MINUS multiplicative_expression .)
    LT              reduce using rule 49 (additive_expression -> additive_expression MINUS multiplicative_expression .)
    LE              reduce using rule 49 (additive_expression -> additive_expression MINUS multiplicative_expression .)
    GT              reduce using rule 49 (additive_expression -> additive_expression MINUS multiplicative_expression .)
    GE              reduce using rule 49 (additive_expression -> additive_expression MINUS multiplicative_expression .)
    EQ              reduce using rule 49 (additive_expression -> additive_expression MINUS multiplicative_expression .)
    NE              reduce using rule 49 (additive_expression -> additive_expression MINUS multiplicative_expression .)
    AND             reduce using rule 49 (additive_expression -> additive_expression MINUS multiplicative_expression .)
    OR              reduce using rule 49 (additive_expression -> additive_expression MINUS multiplicative_expression .)
    SEMI            reduce using rule 49 (additive_expression -> additive_expression MINUS multiplicative_expression .)
    RPAREN          reduce using rule 49 (additive_expression -> additive_expression MINUS multiplicative_expression .)
    COMMA           reduce using rule 49 (additive_expression -> additive_expression MINUS multiplicative_expression .)
    TIMES           shift and go to state 65
    DIVIDE          shift and go to state 66
    MOD             shift and go to state 67


state 98

    (51) multiplicative_expression -> multiplicative_expression TIMES unary_expression .

    TIMES           reduce using rule 51 (multiplicative_expression -> multiplicative_expression TIMES unary_expression .)
    DIVIDE          reduce using rule 51 (multiplicative_expression -> multiplicative_expression TIMES unary_expression .)
    MOD             reduce using rule 51 (multiplicative_expression -> multiplicative_expression TIMES unary_expression .)
    PLUS            reduce using rule 51 (multiplicative_expression -> multiplicative_expression TIMES unary_expression .)
    MINUS           reduce using rule 51 (multiplicative_expression -> multiplicative_expression TIMES unary_expression .)
    LT              reduce using rule 51 (multiplicative_expression -> multiplicative_expression TIMES unary_expression .)
    LE              reduce using rule 51 (multiplicative_expression -> multiplicative_expression TIMES unary_expression .)
    GT              reduce using rule 51 (multiplicative_expression -> multiplicative_expression TIMES unary_expression .)
    GE              reduce using rule 51 (multiplicative_expression -> multiplicative_expression TIMES unary_expression .)
    EQ              reduce using rule 51 (multiplicative_expression -> multiplicative_expression TIMES unary_expression .)
    NE              reduce using rule 51 (multiplicative_expression -> multiplicative_expression TIMES unary_expression .)
    AND             reduce using rule 51 (multiplicative_expression -> multiplicative_expression TIMES unary_expression .)
    OR              reduce using rule 51 (multiplicative_expression -> multiplicative_expression TIMES unary_expression .)
    SEMI            reduce using rule 51 (multiplicative_expression -> multiplicative_expression TIMES unary_expression .)
    RPAREN          reduce using rule 51 (multiplicative_expression -> multiplicative_expression TIMES unary_expression .)
    COMMA           reduce using rule 51 (multiplicative_expression -> multiplicative_expression TIMES unary_expression .)


state 99

    (52) multiplicative_expression -> multiplicative_expression DIVIDE unary_expression .

    TIMES           reduce using rule 52 (multiplicative_expression -> multiplicative_expression DIVIDE unary_expression .)
    DIVIDE          reduce using rule 52 (multiplicative_expression -> multiplicative_expression DIVIDE unary_expression .)
    MOD             reduce using rule 52 (multiplicative_expression -> multiplicative_expression DIVIDE unary_expression .)
    PLUS            reduce using rule 52 (multiplicative_expression -> multiplicative_expression DIVIDE unary_expression .)
    MINUS           reduce using rule 52 (multiplicative_expression -> multiplicative_expression DIVIDE unary_expression .)
    LT              reduce using rule 52 (multiplicative_expression -> multiplicative_expression DIVIDE unary_expression .)
    LE              reduce using rule 52 (multiplicative_expression -> multiplicative_expression DIVIDE unary_expression .)
    GT              reduce using rule 52 (multiplicative_expression -> multiplicative_expression DIVIDE unary_expression .)
    GE              reduce using rule 52 (multiplicative_expression -> multiplicative_expression DIVIDE unary_expression .)
    EQ              reduce using rule 52 (multiplicative_expression -> multiplicative_expression DIVIDE unary_expression .)
    NE              reduce using rule 52 (multiplicative_expression -> multiplicative_expression DIVIDE unary_expression .)
    AND             reduce using rule 52 (multiplicative_expression -> multiplicative_expression DIVIDE unary_expression .)
    OR              reduce using rule 52 (multiplicative_expression -> multiplicative_expression DIVIDE unary_expression .)
    SEMI            reduce using rule 52 (multiplicative_expression -> multiplicative_expression DIVIDE unary_expression .)
    RPAREN          reduce using rule 52 (multiplicative_expression -> multiplicative_expression DIVIDE unary_expression .)
    COMMA           reduce using rule 52 (multiplicative_expression -> multiplicative_expression DIVIDE unary_expression .)


state 100

    (53) multiplicative_expression -> multiplicative_expression MOD unary_expression .

    TIMES           reduce using rule 53 (multiplicative_expression -> multiplicative_expression MOD unary_expression .)
    DIVIDE          reduce using rule 53 (multiplicative_expression -> multiplicative_expression MOD unary_expression .)
    MOD             reduce using rule 53 (multiplicative_expression -> multiplicative_expression MOD unary_expression .)
    PLUS            reduce using rule 53 (multiplicative_expression -> multiplicative_expression MOD unary_expression .)
    MINUS           reduce using rule 53 (multiplicative_expression -> multiplicative_expression MOD unary_expression .)
    LT              reduce using rule 53 (multiplicative_expression -> multiplicative_expression MOD unary_expression .)
    LE              reduce using rule 53 (multiplicative_expression -> multiplicative_expression MOD unary_expression .)
    GT              reduce using rule 53 (multiplicative_expression -> multiplicative_expression MOD unary_expression .)
    GE              reduce using rule 53 (multiplicative_expression -> multiplicative_expression MOD unary_expression .)
    EQ              reduce using rule 53 (multiplicative_expression -> multiplicative_expression MOD unary_expression .)
    NE              reduce using rule 53 (multiplicative_expression -> multiplicative_expression MOD unary_expression .)
    AND             reduce using rule 53 (multiplicative_expression -> multiplicative_expression MOD unary_expression .)
    OR              reduce using rule 53 (multiplicative_expression -> multiplicative_expression MOD unary_expression .)
    SEMI            reduce using rule 53 (multiplicative_expression -> multiplicative_expression MOD unary_expression .)
    RPAREN          reduce using rule 53 (multiplicative_expression -> multiplicative_expression MOD unary_expression .)
    COMMA           reduce using rule 53 (multiplicative_expression -> multiplicative_expression MOD unary_expression .)


state 101

    (16) var_declaration -> VAR IDENT COLON type . SEMI
    (17) var_declaration -> VAR IDENT COLON type . ASSIGN expression SEMI

    SEMI            shift and go to state 116
    ASSIGN          shift and go to state 117


state 102

    (18) type -> TYPE .

    SEMI            reduce using rule 18 (type -> TYPE .)
    ASSIGN          reduce using rule 18 (type -> TYPE .)
    RPAREN          reduce using rule 18 (type -> TYPE .)
    COMMA           reduce using rule 18 (type -> TYPE .)
    LBRACE          reduce using rule 18 (type -> TYPE .)


state 103

    (62) primary_expression -> IDENT LPAREN args RPAREN .

    TIMES           reduce using rule 62 (primary_expression -> IDENT LPAREN args RPAREN .)
    DIVIDE          reduce using rule 62 (primary_expression -> IDENT LPAREN args RPAREN .)
    MOD             reduce using rule 62 (primary_expression -> IDENT LPAREN args RPAREN .)
    PLUS            reduce using rule 62 (primary_expression -> IDENT LPAREN args RPAREN .)
    MINUS           reduce using rule 62 (primary_expression -> IDENT LPAREN args RPAREN .)
    LT              reduce using rule 62 (primary_expression -> IDENT LPAREN args RPAREN .)
    LE              reduce using rule 62 (primary_expression -> IDENT LPAREN args RPAREN .)
    GT              reduce using rule 62 (primary_expression -> IDENT LPAREN args RPAREN .)
    GE              reduce using rule 62 (primary_expression -> IDENT LPAREN args RPAREN .)
    EQ              reduce using rule 62 (primary_expression -> IDENT LPAREN args RPAREN .)
    NE              reduce using rule 62 (primary_expression -> IDENT LPAREN args RPAREN .)
    AND             reduce using rule 62 (primary_expression -> IDENT LPAREN args RPAREN .)
    OR              reduce using rule 62 (primary_expression -> IDENT LPAREN args RPAREN .)
    SEMI            reduce using rule 62 (primary_expression -> IDENT LPAREN args RPAREN .)
    RPAREN          reduce using rule 62 (primary_expression -> IDENT LPAREN args RPAREN .)
    COMMA           reduce using rule 62 (primary_expression -> IDENT LPAREN args RPAREN .)


state 104

    (64) args -> args COMMA . expression
    (31) expression -> . assignment_expression
    (32) expression -> . logical_or_expression
    (33) assignment_expression -> . IDENT ASSIGN expression
    (34) assignment_expression -> . IDENT DECLARE expression
    (35) logical_or_expression -> . logical_and_expression
    (36) logical_or_expression -> . logical_or_expression OR logical_and_expression
    (37) logical_and_expression -> . equality_expression
    (38) logical_and_expression -> . logical_and_expression AND equality_expression
    (39) equality_expression -> . relational_expression
    (40) equality_expression -> . equality_expression EQ relational_expression
    (41) equality_expression -> . equality_expression NE relational_expression
    (42) relational_expression -> . additive_expression
    (43) relational_expression -> . relational_expression LT additive_expression
    (44) relational_expression -> . relational_expression LE additive_expression
    (45) relational_expression -> . relational_expression GT additive_expression
    (46) relational_expression -> . relational_expression GE additive_expression
    (47) additive_expression -> . multiplicative_expression
    (48) additive_expression -> . additive_expression PLUS multiplicative_expression
    (49) additive_expression -> . additive_expression MINUS multiplicative_expression
    (50) multiplicative_expression -> . unary_expression
    (51) multiplicative_expression -> . multiplicative_expression TIMES unary_expression
    (52) multiplicative_expression -> . multiplicative_expression DIVIDE unary_expression
    (53) multiplicative_expression -> . multiplicative_expression MOD unary_expression
    (54) unary_expression -> . primary_expression
    (55) unary_expression -> . MINUS unary_expression
    (56) unary_expression -> . NOT unary_expression
    (57) primary_expression -> . IDENT
    (58) primary_expression -> . NUMBER
    (59) primary_expression -> . BOOL
    (60) primary_expression -> . STRING
    (61) primary_expression -> . LPAREN expression RPAREN
    (62) primary_expression -> . IDENT LPAREN args RPAREN

    IDENT           shift and go to state 17
    MINUS           shift and go to state 32
    NOT             shift and go to state 35
    NUMBER          shift and go to state 36
    BOOL            shift and go to state 37
    STRING          shift and go to state 38
    LPAREN          shift and go to state 19

    expression                     shift and go to state 118
    assignment_expression          shift and go to state 25
    logical_or_expression          shift and go to state 26
    logical_and_expression         shift and go to state 27
    equality_expression            shift and go to state 28
    relational_expression          shift and go to state 29
    additive_expression            shift and go to state 30
    multiplicative_expression      shift and go to state 31
    unary_expression               shift and go to state 33
    primary_expression             shift and go to state 34

state 105

    (19) if_statement -> IF LPAREN expression RPAREN . statement
    (20) if_statement -> IF LPAREN expression RPAREN . statement ELSE statement
    (4) statement -> . expression_statement
    (5) statement -> . block_statement
    (6) statement -> . var_declaration
    (7) statement -> . if_statement
    (8) statement -> . for_statement
    (9) statement -> . while_statement
    (10) statement -> . print_statement
    (11) statement -> . func_declaration
    (12) statement -> . return_statement
    (13) expression_statement -> . expression SEMI
    (14) expression_statement -> . SEMI
    (15) block_statement -> . LBRACE statement_list RBRACE
    (16) var_declaration -> . VAR IDENT COLON type SEMI
    (17) var_declaration -> . VAR IDENT COLON type ASSIGN expression SEMI
    (19) if_statement -> . IF LPAREN expression RPAREN statement
    (20) if_statement -> . IF LPAREN expression RPAREN statement ELSE statement
    (21) for_statement -> . FOR LPAREN expression_statement expression_statement expression RPAREN statement
    (22) for_statement -> . FOR LPAREN var_declaration expression_statement expression RPAREN statement
    (23) for_statement -> . FOR LPAREN expression_statement expression_statement RPAREN statement
    (24) for_statement -> . FOR LPAREN var_declaration expression_statement RPAREN statement
    (25) for_statement -> . FOR LPAREN RPAREN statement
    (26) for_statement -> . FOR statement
    (27) while_statement -> . WHILE LPAREN expression RPAREN statement
    (28) print_statement -> . PRINT LPAREN expression_list RPAREN SEMI
    (65) func_declaration -> . FUNC IDENT LPAREN params RPAREN COLON type block_statement
    (66) func_declaration -> . FUNC IDENT LPAREN RPAREN COLON type block_statement
    (67) func_declaration -> . FUNC IDENT LPAREN params RPAREN block_statement
    (68) func_declaration -> . FUNC IDENT LPAREN RPAREN block_statement
    (72) return_statement -> . RETURN expression SEMI
    (73) return_statement -> . RETURN SEMI
    (31) expression -> . assignment_expression
    (32) expression -> . logical_or_expression
    (33) assignment_expression -> . IDENT ASSIGN expression
    (34) assignment_expression -> . IDENT DECLARE expression
    (35) logical_or_expression -> . logical_and_expression
    (36) logical_or_expression -> . logical_or_expression OR logical_and_expression
    (37) logical_and_expression -> . equality_expression
    (38) logical_and_expression -> . logical_and_expression AND equality_expression
    (39) equality_expression -> . relational_expression
    (40) equality_expression -> . equality_expression EQ relational_expression
    (41) equality_expression -> . equality_expression NE relational_expression
    (42) relational_expression -> . additive_expression
    (43) relational_expression -> . relational_expression LT additive_expression
    (44) relational_expression -> . relational_expression LE additive_expression
    (45) relational_expression -> . relational_expression GT additive_expression
    (46) relational_expression -> . relational_expression GE additive_expression
    (47) additive_expression -> . multiplicative_expression
    (48) additive_expression -> . additive_expression PLUS multiplicative_expression
    (49) additive_expression -> . additive_expression MINUS multiplicative_expression
    (50) multiplicative_expression -> . unary_expression
    (51) multiplicative_expression -> . multiplicative_expression TIMES unary_expression
    (52) multiplicative_expression -> . multiplicative_expression DIVIDE unary_expression
    (53) multiplicative_expression -> . multiplicative_expression MOD unary_expression
    (54) unary_expression -> . primary_expression
    (55) unary_expression -> . MINUS unary_expression
    (56) unary_expression -> . NOT unary_expression
    (57) primary_expression -> . IDENT
    (58) primary_expression -> . NUMBER
    (59) primary_expression -> . BOOL
    (60) primary_expression -> . STRING
    (61) primary_expression -> . LPAREN expression RPAREN
    (62) primary_expression -> . IDENT LPAREN args RPAREN

    SEMI            shift and go to state 14
    LBRACE          shift and go to state 15
    VAR             shift and go to state 16
    IF              shift and go to state 18
    FOR             shift and go to state 20
    WHILE           shift and go to state 21
    PRINT           shift and go to state 22
    FUNC            shift and go to state 23
    RETURN          shift and go to state 24
    IDENT           shift and go to state 17
    MINUS           shift and go to state 32
    NOT             shift and go to state 35
    NUMBER          shift and go to state 36
    BOOL            shift and go to state 37
    STRING          shift and go to state 38
    LPAREN          shift and go to state 19

    expression                     shift and go to state 13
    statement                      shift and go to state 119
    expression_statement           shift and go to state 4
    block_statement                shift and go to state 5
    var_declaration                shift and go to state 6
    if_statement                   shift and go to state 7
    for_statement                  shift and go to state 8
    while_statement                shift and go to state 9
    print_statement                shift and go to state 10
    func_declaration               shift and go to state 11
    return_statement               shift and go to state 12
    assignment_expression          shift and go to state 25
    logical_or_expression          shift and go to state 26
    logical_and_expression         shift and go to state 27
    equality_expression            shift and go to state 28
    relational_expression          shift and go to state 29
    additive_expression            shift and go to state 30
    multiplicative_expression      shift and go to state 31
    unary_expression               shift and go to state 33
    primary_expression             shift and go to state 34

state 106

    (21) for_statement -> FOR LPAREN expression_statement expression_statement . expression RPAREN statement
    (23) for_statement -> FOR LPAREN expression_statement expression_statement . RPAREN statement
    (31) expression -> . assignment_expression
    (32) expression -> . logical_or_expression
    (33) assignment_expression -> . IDENT ASSIGN expression
    (34) assignment_expression -> . IDENT DECLARE expression
    (35) logical_or_expression -> . logical_and_expression
    (36) logical_or_expression -> . logical_or_expression OR logical_and_expression
    (37) logical_and_expression -> . equality_expression
    (38) logical_and_expression -> . logical_and_expression AND equality_expression
    (39) equality_expression -> . relational_expression
    (40) equality_expression -> . equality_expression EQ relational_expression
    (41) equality_expression -> . equality_expression NE relational_expression
    (42) relational_expression -> . additive_expression
    (43) relational_expression -> . relational_expression LT additive_expression
    (44) relational_expression -> . relational_expression LE additive_expression
    (45) relational_expression -> . relational_expression GT additive_expression
    (46) relational_expression -> . relational_expression GE additive_expression
    (47) additive_expression -> . multiplicative_expression
    (48) additive_expression -> . additive_expression PLUS multiplicative_expression
    (49) additive_expression -> . additive_expression MINUS multiplicative_expression
    (50) multiplicative_expression -> . unary_expression
    (51) multiplicative_expression -> . multiplicative_expression TIMES unary_expression
    (52) multiplicative_expression -> . multiplicative_expression DIVIDE unary_expression
    (53) multiplicative_expression -> . multiplicative_expression MOD unary_expression
    (54) unary_expression -> . primary_expression
    (55) unary_expression -> . MINUS unary_expression
    (56) unary_expression -> . NOT unary_expression
    (57) primary_expression -> . IDENT
    (58) primary_expression -> . NUMBER
    (59) primary_expression -> . BOOL
    (60) primary_expression -> . STRING
    (61) primary_expression -> . LPAREN expression RPAREN
    (62) primary_expression -> . IDENT LPAREN args RPAREN

    RPAREN          shift and go to state 121
    IDENT           shift and go to state 17
    MINUS           shift and go to state 32
    NOT             shift and go to state 35
    NUMBER          shift and go to state 36
    BOOL            shift and go to state 37
    STRING          shift and go to state 38
    LPAREN          shift and go to state 19

    expression                     shift and go to state 120
    assignment_expression          shift and go to state 25
    logical_or_expression          shift and go to state 26
    logical_and_expression         shift and go to state 27
    equality_expression            shift and go to state 28
    relational_expression          shift and go to state 29
    additive_expression            shift and go to state 30
    multiplicative_expression      shift and go to state 31
    unary_expression               shift and go to state 33
    primary_expression             shift and go to state 34

state 107

    (25) for_statement -> FOR LPAREN RPAREN statement .

    SEMI            reduce using rule 25 (for_statement -> FOR LPAREN RPAREN statement .)
    LBRACE          reduce using rule 25 (for_statement -> FOR LPAREN RPAREN statement .)
    VAR             reduce using rule 25 (for_statement -> FOR LPAREN RPAREN statement .)
    IF              reduce using rule 25 (for_statement -> FOR LPAREN RPAREN statement .)
    FOR             reduce using rule 25 (for_statement -> FOR LPAREN RPAREN statement .)
    WHILE           reduce using rule 25 (for_statement -> FOR LPAREN RPAREN statement .)
    PRINT           reduce using rule 25 (for_statement -> FOR LPAREN RPAREN statement .)
    FUNC            reduce using rule 25 (for_statement -> FOR LPAREN RPAREN statement .)
    RETURN          reduce using rule 25 (for_statement -> FOR LPAREN RPAREN statement .)
    IDENT           reduce using rule 25 (for_statement -> FOR LPAREN RPAREN statement .)
    MINUS           reduce using rule 25 (for_statement -> FOR LPAREN RPAREN statement .)
    NOT             reduce using rule 25 (for_statement -> FOR LPAREN RPAREN statement .)
    NUMBER          reduce using rule 25 (for_statement -> FOR LPAREN RPAREN statement .)
    BOOL            reduce using rule 25 (for_statement -> FOR LPAREN RPAREN statement .)
    STRING          reduce using rule 25 (for_statement -> FOR LPAREN RPAREN statement .)
    LPAREN          reduce using rule 25 (for_statement -> FOR LPAREN RPAREN statement .)
    $end            reduce using rule 25 (for_statement -> FOR LPAREN RPAREN statement .)
    RBRACE          reduce using rule 25 (for_statement -> FOR LPAREN RPAREN statement .)
    ELSE            reduce using rule 25 (for_statement -> FOR LPAREN RPAREN statement .)


state 108

    (22) for_statement -> FOR LPAREN var_declaration expression_statement . expression RPAREN statement
    (24) for_statement -> FOR LPAREN var_declaration expression_statement . RPAREN statement
    (31) expression -> . assignment_expression
    (32) expression -> . logical_or_expression
    (33) assignment_expression -> . IDENT ASSIGN expression
    (34) assignment_expression -> . IDENT DECLARE expression
    (35) logical_or_expression -> . logical_and_expression
    (36) logical_or_expression -> . logical_or_expression OR logical_and_expression
    (37) logical_and_expression -> . equality_expression
    (38) logical_and_expression -> . logical_and_expression AND equality_expression
    (39) equality_expression -> . relational_expression
    (40) equality_expression -> . equality_expression EQ relational_expression
    (41) equality_expression -> . equality_expression NE relational_expression
    (42) relational_expression -> . additive_expression
    (43) relational_expression -> . relational_expression LT additive_expression
    (44) relational_expression -> . relational_expression LE additive_expression
    (45) relational_expression -> . relational_expression GT additive_expression
    (46) relational_expression -> . relational_expression GE additive_expression
    (47) additive_expression -> . multiplicative_expression
    (48) additive_expression -> . additive_expression PLUS multiplicative_expression
    (49) additive_expression -> . additive_expression MINUS multiplicative_expression
    (50) multiplicative_expression -> . unary_expression
    (51) multiplicative_expression -> . multiplicative_expression TIMES unary_expression
    (52) multiplicative_expression -> . multiplicative_expression DIVIDE unary_expression
    (53) multiplicative_expression -> . multiplicative_expression MOD unary_expression
    (54) unary_expression -> . primary_expression
    (55) unary_expression -> . MINUS unary_expression
    (56) unary_expression -> . NOT unary_expression
    (57) primary_expression -> . IDENT
    (58) primary_expression -> . NUMBER
    (59) primary_expression -> . BOOL
    (60) primary_expression -> . STRING
    (61) primary_expression -> . LPAREN expression RPAREN
    (62) primary_expression -> . IDENT LPAREN args RPAREN

    RPAREN          shift and go to state 123
    IDENT           shift and go to state 17
    MINUS           shift and go to state 32
    NOT             shift and go to state 35
    NUMBER          shift and go to state 36
    BOOL            shift and go to state 37
    STRING          shift and go to state 38
    LPAREN          shift and go to state 19

    expression                     shift and go to state 122
    assignment_expression          shift and go to state 25
    logical_or_expression          shift and go to state 26
    logical_and_expression         shift and go to state 27
    equality_expression            shift and go to state 28
    relational_expression          shift and go to state 29
    additive_expression            shift and go to state 30
    multiplicative_expression      shift and go to state 31
    unary_expression               shift and go to state 33
    primary_expression             shift and go to state 34

state 109

    (27) while_statement -> WHILE LPAREN expression RPAREN . statement
    (4) statement -> . expression_statement
    (5) statement -> . block_statement
    (6) statement -> . var_declaration
    (7) statement -> . if_statement
    (8) statement -> . for_statement
    (9) statement -> . while_statement
    (10) statement -> . print_statement
    (11) statement -> . func_declaration
    (12) statement -> . return_statement
    (13) expression_statement -> . expression SEMI
    (14) expression_statement -> . SEMI
    (15) block_statement -> . LBRACE statement_list RBRACE
    (16) var_declaration -> . VAR IDENT COLON type SEMI
    (17) var_declaration -> . VAR IDENT COLON type ASSIGN expression SEMI
    (19) if_statement -> . IF LPAREN expression RPAREN statement
    (20) if_statement -> . IF LPAREN expression RPAREN statement ELSE statement
    (21) for_statement -> . FOR LPAREN expression_statement expression_statement expression RPAREN statement
    (22) for_statement -> . FOR LPAREN var_declaration expression_statement expression RPAREN statement
    (23) for_statement -> . FOR LPAREN expression_statement expression_statement RPAREN statement
    (24) for_statement -> . FOR LPAREN var_declaration expression_statement RPAREN statement
    (25) for_statement -> . FOR LPAREN RPAREN statement
    (26) for_statement -> . FOR statement
    (27) while_statement -> . WHILE LPAREN expression RPAREN statement
    (28) print_statement -> . PRINT LPAREN expression_list RPAREN SEMI
    (65) func_declaration -> . FUNC IDENT LPAREN params RPAREN COLON type block_statement
    (66) func_declaration -> . FUNC IDENT LPAREN RPAREN COLON type block_statement
    (67) func_declaration -> . FUNC IDENT LPAREN params RPAREN block_statement
    (68) func_declaration -> . FUNC IDENT LPAREN RPAREN block_statement
    (72) return_statement -> . RETURN expression SEMI
    (73) return_statement -> . RETURN SEMI
    (31) expression -> . assignment_expression
    (32) expression -> . logical_or_expression
    (33) assignment_expression -> . IDENT ASSIGN expression
    (34) assignment_expression -> . IDENT DECLARE expression
    (35) logical_or_expression -> . logical_and_expression
    (36) logical_or_expression -> . logical_or_expression OR logical_and_expression
    (37) logical_and_expression -> . equality_expression
    (38) logical_and_expression -> . logical_and_expression AND equality_expression
    (39) equality_expression -> . relational_expression
    (40) equality_expression -> . equality_expression EQ relational_expression
    (41) equality_expression -> . equality_expression NE relational_expression
    (42) relational_expression -> . additive_expression
    (43) relational_expression -> . relational_expression LT additive_expression
    (44) relational_expression -> . relational_expression LE additive_expression
    (45) relational_expression -> . relational_expression GT additive_expression
    (46) relational_expression -> . relational_expression GE additive_expression
    (47) additive_expression -> . multiplicative_expression
    (48) additive_expression -> . additive_expression PLUS multiplicative_expression
    (49) additive_expression -> . additive_expression MINUS multiplicative_expression
    (50) multiplicative_expression -> . unary_expression
    (51) multiplicative_expression -> . multiplicative_expression TIMES unary_expression
    (52) multiplicative_expression -> . multiplicative_expression DIVIDE unary_expression
    (53) multiplicative_expression -> . multiplicative_expression MOD unary_expression
    (54) unary_expression -> . primary_expression
    (55) unary_expression -> . MINUS unary_expression
    (56) unary_expression -> . NOT unary_expression
    (57) primary_expression -> . IDENT
    (58) primary_expression -> . NUMBER
    (59) primary_expression -> . BOOL
    (60) primary_expression -> . STRING
    (61) primary_expression -> . LPAREN expression RPAREN
    (62) primary_expression -> . IDENT LPAREN args RPAREN

    SEMI            shift and go to state 14
    LBRACE          shift and go to state 15
    VAR             shift and go to state 16
    IF              shift and go to state 18
    FOR             shift and go to state 20
    WHILE           shift and go to state 21
    PRINT           shift and go to state 22
    FUNC            shift and go to state 23
    RETURN          shift and go to state 24
    IDENT           shift and go to state 17
    MINUS           shift and go to state 32
    NOT             shift and go to state 35
    NUMBER          shift and go to state 36
    BOOL            shift and go to state 37
    STRING          shift and go to state 38
    LPAREN          shift and go to state 19

    expression                     shift and go to state 13
    statement                      shift and go to state 124
    expression_statement           shift and go to state 4
    block_statement                shift and go to state 5
    var_declaration                shift and go to state 6
    if_statement                   shift and go to state 7
    for_statement                  shift and go to state 8
    while_statement                shift and go to state 9
    print_statement                shift and go to state 10
    func_declaration               shift and go to state 11
    return_statement               shift and go to state 12
    assignment_expression          shift and go to state 25
    logical_or_expression          shift and go to state 26
    logical_and_expression         shift and go to state 27
    equality_expression            shift and go to state 28
    relational_expression          shift and go to state 29
    additive_expression            shift and go to state 30
    multiplicative_expression      shift and go to state 31
    unary_expression               shift and go to state 33
    primary_expression             shift and go to state 34

state 110

    (28) print_statement -> PRINT LPAREN expression_list RPAREN . SEMI

    SEMI            shift and go to state 125


state 111

    (30) expression_list -> expression_list COMMA . expression
    (31) expression -> . assignment_expression
    (32) expression -> . logical_or_expression
    (33) assignment_expression -> . IDENT ASSIGN expression
    (34) assignment_expression -> . IDENT DECLARE expression
    (35) logical_or_expression -> . logical_and_expression
    (36) logical_or_expression -> . logical_or_expression OR logical_and_expression
    (37) logical_and_expression -> . equality_expression
    (38) logical_and_expression -> . logical_and_expression AND equality_expression
    (39) equality_expression -> . relational_expression
    (40) equality_expression -> . equality_expression EQ relational_expression
    (41) equality_expression -> . equality_expression NE relational_expression
    (42) relational_expression -> . additive_expression
    (43) relational_expression -> . relational_expression LT additive_expression
    (44) relational_expression -> . relational_expression LE additive_expression
    (45) relational_expression -> . relational_expression GT additive_expression
    (46) relational_expression -> . relational_expression GE additive_expression
    (47) additive_expression -> . multiplicative_expression
    (48) additive_expression -> . additive_expression PLUS multiplicative_expression
    (49) additive_expression -> . additive_expression MINUS multiplicative_expression
    (50) multiplicative_expression -> . unary_expression
    (51) multiplicative_expression -> . multiplicative_expression TIMES unary_expression
    (52) multiplicative_expression -> . multiplicative_expression DIVIDE unary_expression
    (53) multiplicative_expression -> . multiplicative_expression MOD unary_expression
    (54) unary_expression -> . primary_expression
    (55) unary_expression -> . MINUS unary_expression
    (56) unary_expression -> . NOT unary_expression
    (57) primary_expression -> . IDENT
    (58) primary_expression -> . NUMBER
    (59) primary_expression -> . BOOL
    (60) primary_expression -> . STRING
    (61) primary_expression -> . LPAREN expression RPAREN
    (62) primary_expression -> . IDENT LPAREN args RPAREN

    IDENT           shift and go to state 17
    MINUS           shift and go to state 32
    NOT             shift and go to state 35
    NUMBER          shift and go to state 36
    BOOL            shift and go to state 37
    STRING          shift and go to state 38
    LPAREN          shift and go to state 19

    expression                     shift and go to state 126
    assignment_expression          shift and go to state 25
    logical_or_expression          shift and go to state 26
    logical_and_expression         shift and go to state 27
    equality_expression            shift and go to state 28
    relational_expression          shift and go to state 29
    additive_expression            shift and go to state 30
    multiplicative_expression      shift and go to state 31
    unary_expression               shift and go to state 33
    primary_expression             shift and go to state 34

state 112

    (71) param -> IDENT . COLON type

    COLON           shift and go to state 127


state 113

    (65) func_declaration -> FUNC IDENT LPAREN params . RPAREN COLON type block_statement
    (67) func_declaration -> FUNC IDENT LPAREN params . RPAREN block_statement
    (70) params -> params . COMMA param

    RPAREN          shift and go to state 128
    COMMA           shift and go to state 129


state 114

    (66) func_declaration -> FUNC IDENT LPAREN RPAREN . COLON type block_statement
    (68) func_declaration -> FUNC IDENT LPAREN RPAREN . block_statement
    (15) block_statement -> . LBRACE statement_list RBRACE

    COLON           shift and go to state 130
    LBRACE          shift and go to state 15

    block_statement                shift and go to state 131

state 115

    (69) params -> param .

    RPAREN          reduce using rule 69 (params -> param .)
    COMMA           reduce using rule 69 (params -> param .)


state 116

    (16) var_declaration -> VAR IDENT COLON type SEMI .

    SEMI            reduce using rule 16 (var_declaration -> VAR IDENT COLON type SEMI .)
    LBRACE          reduce using rule 16 (var_declaration -> VAR IDENT COLON type SEMI .)
    VAR             reduce using rule 16 (var_declaration -> VAR IDENT COLON type SEMI .)
    IF              reduce using rule 16 (var_declaration -> VAR IDENT COLON type SEMI .)
    FOR             reduce using rule 16 (var_declaration -> VAR IDENT COLON type SEMI .)
    WHILE           reduce using rule 16 (var_declaration -> VAR IDENT COLON type SEMI .)
    PRINT           reduce using rule 16 (var_declaration -> VAR IDENT COLON type SEMI .)
    FUNC            reduce using rule 16 (var_declaration -> VAR IDENT COLON type SEMI .)
    RETURN          reduce using rule 16 (var_declaration -> VAR IDENT COLON type SEMI .)
    IDENT           reduce using rule 16 (var_declaration -> VAR IDENT COLON type SEMI .)
    MINUS           reduce using rule 16 (var_declaration -> VAR IDENT COLON type SEMI .)
    NOT             reduce using rule 16 (var_declaration -> VAR IDENT COLON type SEMI .)
    NUMBER          reduce using rule 16 (var_declaration -> VAR IDENT COLON type SEMI .)
    BOOL            reduce using rule 16 (var_declaration -> VAR IDENT COLON type SEMI .)
    STRING          reduce using rule 16 (var_declaration -> VAR IDENT COLON type SEMI .)
    LPAREN          reduce using rule 16 (var_declaration -> VAR IDENT COLON type SEMI .)
    $end            reduce using rule 16 (var_declaration -> VAR IDENT COLON type SEMI .)
    RBRACE          reduce using rule 16 (var_declaration -> VAR IDENT COLON type SEMI .)
    ELSE            reduce using rule 16 (var_declaration -> VAR IDENT COLON type SEMI .)


state 117

    (17) var_declaration -> VAR IDENT COLON type ASSIGN . expression SEMI
    (31) expression -> . assignment_expression
    (32) expression -> . logical_or_expression
    (33) assignment_expression -> . IDENT ASSIGN expression
    (34) assignment_expression -> . IDENT DECLARE expression
    (35) logical_or_expression -> . logical_and_expression
    (36) logical_or_expression -> . logical_or_expression OR logical_and_expression
    (37) logical_and_expression -> . equality_expression
    (38) logical_and_expression -> . logical_and_expression AND equality_expression
    (39) equality_expression -> . relational_expression
    (40) equality_expression -> . equality_expression EQ relational_expression
    (41) equality_expression -> . equality_expression NE relational_expression
    (42) relational_expression -> . additive_expression
    (43) relational_expression -> . relational_expression LT additive_expression
    (44) relational_expression -> . relational_expression LE additive_expression
    (45) relational_expression -> . relational_expression GT additive_expression
    (46) relational_expression -> . relational_expression GE additive_expression
    (47) additive_expression -> . multiplicative_expression
    (48) additive_expression -> . additive_expression PLUS multiplicative_expression
    (49) additive_expression -> . additive_expression MINUS multiplicative_expression
    (50) multiplicative_expression -> . unary_expression
    (51) multiplicative_expression -> . multiplicative_expression TIMES unary_expression
    (52) multiplicative_expression -> . multiplicative_expression DIVIDE unary_expression
    (53) multiplicative_expression -> . multiplicative_expression MOD unary_expression
    (54) unary_expression -> . primary_expression
    (55) unary_expression -> . MINUS unary_expression
    (56) unary_expression -> . NOT unary_expression
    (57) primary_expression -> . IDENT
    (58) primary_expression -> . NUMBER
    (59) primary_expression -> . BOOL
    (60) primary_expression -> . STRING
    (61) primary_expression -> . LPAREN expression RPAREN
    (62) primary_expression -> . IDENT LPAREN args RPAREN

    IDENT           shift and go to state 17
    MINUS           shift and go to state 32
    NOT             shift and go to state 35
    NUMBER          shift and go to state 36
    BOOL            shift and go to state 37
    STRING          shift and go to state 38
    LPAREN          shift and go to state 19

    expression                     shift and go to state 132
    assignment_expression          shift and go to state 25
    logical_or_expression          shift and go to state 26
    logical_and_expression         shift and go to state 27
    equality_expression            shift and go to state 28
    relational_expression          shift and go to state 29
    additive_expression            shift and go to state 30
    multiplicative_expression      shift and go to state 31
    unary_expression               shift and go to state 33
    primary_expression             shift and go to state 34

state 118

    (64) args -> args COMMA expression .

    RPAREN          reduce using rule 64 (args -> args COMMA expression .)
    COMMA           reduce using rule 64 (args -> args COMMA expression .)


state 119

    (19) if_statement -> IF LPAREN expression RPAREN statement .
    (20) if_statement -> IF LPAREN expression RPAREN statement . ELSE statement

  ! shift/reduce conflict for ELSE resolved as shift
    SEMI            reduce using rule 19 (if_statement -> IF LPAREN expression RPAREN statement .)
    LBRACE          reduce using rule 19 (if_statement -> IF LPAREN expression RPAREN statement .)
    VAR             reduce using rule 19 (if_statement -> IF LPAREN expression RPAREN statement .)
    IF              reduce using rule 19 (if_statement -> IF LPAREN expression RPAREN statement .)
    FOR             reduce using rule 19 (if_statement -> IF LPAREN expression RPAREN statement .)
    WHILE           reduce using rule 19 (if_statement -> IF LPAREN expression RPAREN statement .)
    PRINT           reduce using rule 19 (if_statement -> IF LPAREN expression RPAREN statement .)
    FUNC            reduce using rule 19 (if_statement -> IF LPAREN expression RPAREN statement .)
    RETURN          reduce using rule 19 (if_statement -> IF LPAREN expression RPAREN statement .)
    IDENT           reduce using rule 19 (if_statement -> IF LPAREN expression RPAREN statement .)
    MINUS           reduce using rule 19 (if_statement -> IF LPAREN expression RPAREN statement .)
    NOT             reduce using rule 19 (if_statement -> IF LPAREN expression RPAREN statement .)
    NUMBER          reduce using rule 19 (if_statement -> IF LPAREN expression RPAREN statement .)
    BOOL            reduce using rule 19 (if_statement -> IF LPAREN expression RPAREN statement .)
    STRING          reduce using rule 19 (if_statement -> IF LPAREN expression RPAREN statement .)
    LPAREN          reduce using rule 19 (if_statement -> IF LPAREN expression RPAREN statement .)
    $end            reduce using rule 19 (if_statement -> IF LPAREN expression RPAREN statement .)
    RBRACE          reduce using rule 19 (if_statement -> IF LPAREN expression RPAREN statement .)
    ELSE            shift and go to state 133

  ! ELSE            [ reduce using rule 19 (if_statement -> IF LPAREN expression RPAREN statement .) ]


state 120

    (21) for_statement -> FOR LPAREN expression_statement expression_statement expression . RPAREN statement

    RPAREN          shift and go to state 134


state 121

    (23) for_statement -> FOR LPAREN expression_statement expression_statement RPAREN . statement
    (4) statement -> . expression_statement
    (5) statement -> . block_statement
    (6) statement -> . var_declaration
    (7) statement -> . if_statement
    (8) statement -> . for_statement
    (9) statement -> . while_statement
    (10) statement -> . print_statement
    (11) statement -> . func_declaration
    (12) statement -> . return_statement
    (13) expression_statement -> . expression SEMI
    (14) expression_statement -> . SEMI
    (15) block_statement -> . LBRACE statement_list RBRACE
    (16) var_declaration -> . VAR IDENT COLON type SEMI
    (17) var_declaration -> . VAR IDENT COLON type ASSIGN expression SEMI
    (19) if_statement -> . IF LPAREN expression RPAREN statement
    (20) if_statement -> . IF LPAREN expression RPAREN statement ELSE statement
    (21) for_statement -> . FOR LPAREN expression_statement expression_statement expression RPAREN statement
    (22) for_statement -> . FOR LPAREN var_declaration expression_statement expression RPAREN statement
    (23) for_statement -> . FOR LPAREN expression_statement expression_statement RPAREN statement
    (24) for_statement -> . FOR LPAREN var_declaration expression_statement RPAREN statement
    (25) for_statement -> . FOR LPAREN RPAREN statement
    (26) for_statement -> . FOR statement
    (27) while_statement -> . WHILE LPAREN expression RPAREN statement
    (28) print_statement -> . PRINT LPAREN expression_list RPAREN SEMI
    (65) func_declaration -> . FUNC IDENT LPAREN params RPAREN COLON type block_statement
    (66) func_declaration -> . FUNC IDENT LPAREN RPAREN COLON type block_statement
    (67) func_declaration -> . FUNC IDENT LPAREN params RPAREN block_statement
    (68) func_declaration -> . FUNC IDENT LPAREN RPAREN block_statement
    (72) return_statement -> . RETURN expression SEMI
    (73) return_statement -> . RETURN SEMI
    (31) expression -> . assignment_expression
    (32) expression -> . logical_or_expression
    (33) assignment_expression -> . IDENT ASSIGN expression
    (34) assignment_expression -> . IDENT DECLARE expression
    (35) logical_or_expression -> . logical_and_expression
    (36) logical_or_expression -> . logical_or_expression OR logical_and_expression
    (37) logical_and_expression -> . equality_expression
    (38) logical_and_expression -> . logical_and_expression AND equality_expression
    (39) equality_expression -> . relational_expression
    (40) equality_expression -> . equality_expression EQ relational_expression
    (41) equality_expression -> . equality_expression NE relational_expression
    (42) relational_expression -> . additive_expression
    (43) relational_expression -> . relational_expression LT additive_expression
    (44) relational_expression -> . relational_expression LE additive_expression
    (45) relational_expression -> . relational_expression GT additive_expression
    (46) relational_expression -> . relational_expression GE additive_expression
    (47) additive_expression -> . multiplicative_expression
    (48) additive_expression -> . additive_expression PLUS multiplicative_expression
    (49) additive_expression -> . additive_expression MINUS multiplicative_expression
    (50) multiplicative_expression -> . unary_expression
    (51) multiplicative_expression -> . multiplicative_expression TIMES unary_expression
    (52) multiplicative_expression -> . multiplicative_expression DIVIDE unary_expression
    (53) multiplicative_expression -> . multiplicative_expression MOD unary_expression
    (54) unary_expression -> . primary_expression
    (55) unary_expression -> . MINUS unary_expression
    (56) unary_expression -> . NOT unary_expression
    (57) primary_expression -> . IDENT
    (58) primary_expression -> . NUMBER
    (59) primary_expression -> . BOOL
    (60) primary_expression -> . STRING
    (61) primary_expression -> . LPAREN expression RPAREN
    (62) primary_expression -> . IDENT LPAREN args RPAREN

    SEMI            shift and go to state 14
    LBRACE          shift and go to state 15
    VAR             shift and go to state 16
    IF              shift and go to state 18
    FOR             shift and go to state 20
    WHILE           shift and go to state 21
    PRINT           shift and go to state 22
    FUNC            shift and go to state 23
    RETURN          shift and go to state 24
    IDENT           shift and go to state 17
    MINUS           shift and go to state 32
    NOT             shift and go to state 35
    NUMBER          shift and go to state 36
    BOOL            shift and go to state 37
    STRING          shift and go to state 38
    LPAREN          shift and go to state 19

    expression_statement           shift and go to state 4
    statement                      shift and go to state 135
    block_statement                shift and go to state 5
    var_declaration                shift and go to state 6
    if_statement                   shift and go to state 7
    for_statement                  shift and go to state 8
    while_statement                shift and go to state 9
    print_statement                shift and go to state 10
    func_declaration               shift and go to state 11
    return_statement               shift and go to state 12
    expression                     shift and go to state 13
    assignment_expression          shift and go to state 25
    logical_or_expression          shift and go to state 26
    logical_and_expression         shift and go to state 27
    equality_expression            shift and go to state 28
    relational_expression          shift and go to state 29
    additive_expression            shift and go to state 30
    multiplicative_expression      shift and go to state 31
    unary_expression               shift and go to state 33
    primary_expression             shift and go to state 34

state 122

    (22) for_statement -> FOR LPAREN var_declaration expression_statement expression . RPAREN statement

    RPAREN          shift and go to state 136


state 123

    (24) for_statement -> FOR LPAREN var_declaration expression_statement RPAREN . statement
    (4) statement -> . expression_statement
    (5) statement -> . block_statement
    (6) statement -> . var_declaration
    (7) statement -> . if_statement
    (8) statement -> . for_statement
    (9) statement -> . while_statement
    (10) statement -> . print_statement
    (11) statement -> . func_declaration
    (12) statement -> . return_statement
    (13) expression_statement -> . expression SEMI
    (14) expression_statement -> . SEMI
    (15) block_statement -> . LBRACE statement_list RBRACE
    (16) var_declaration -> . VAR IDENT COLON type SEMI
    (17) var_declaration -> . VAR IDENT COLON type ASSIGN expression SEMI
    (19) if_statement -> . IF LPAREN expression RPAREN statement
    (20) if_statement -> . IF LPAREN expression RPAREN statement ELSE statement
    (21) for_statement -> . FOR LPAREN expression_statement expression_statement expression RPAREN statement
    (22) for_statement -> . FOR LPAREN var_declaration expression_statement expression RPAREN statement
    (23) for_statement -> . FOR LPAREN expression_statement expression_statement RPAREN statement
    (24) for_statement -> . FOR LPAREN var_declaration expression_statement RPAREN statement
    (25) for_statement -> . FOR LPAREN RPAREN statement
    (26) for_statement -> . FOR statement
    (27) while_statement -> . WHILE LPAREN expression RPAREN statement
    (28) print_statement -> . PRINT LPAREN expression_list RPAREN SEMI
    (65) func_declaration -> . FUNC IDENT LPAREN params RPAREN COLON type block_statement
    (66) func_declaration -> . FUNC IDENT LPAREN RPAREN COLON type block_statement
    (67) func_declaration -> . FUNC IDENT LPAREN params RPAREN block_statement
    (68) func_declaration -> . FUNC IDENT LPAREN RPAREN block_statement
    (72) return_statement -> . RETURN expression SEMI
    (73) return_statement -> . RETURN SEMI
    (31) expression -> . assignment_expression
    (32) expression -> . logical_or_expression
    (33) assignment_expression -> . IDENT ASSIGN expression
    (34) assignment_expression -> . IDENT DECLARE expression
    (35) logical_or_expression -> . logical_and_expression
    (36) logical_or_expression -> . logical_or_expression OR logical_and_expression
    (37) logical_and_expression -> . equality_expression
    (38) logical_and_expression -> . logical_and_expression AND equality_expression
    (39) equality_expression -> . relational_expression
    (40) equality_expression -> . equality_expression EQ relational_expression
    (41) equality_expression -> . equality_expression NE relational_expression
    (42) relational_expression -> . additive_expression
    (43) relational_expression -> . relational_expression LT additive_expression
    (44) relational_expression -> . relational_expression LE additive_expression
    (45) relational_expression -> . relational_expression GT additive_expression
    (46) relational_expression -> . relational_expression GE additive_expression
    (47) additive_expression -> . multiplicative_expression
    (48) additive_expression -> . additive_expression PLUS multiplicative_expression
    (49) additive_expression -> . additive_expression MINUS multiplicative_expression
    (50) multiplicative_expression -> . unary_expression
    (51) multiplicative_expression -> . multiplicative_expression TIMES unary_expression
    (52) multiplicative_expression -> . multiplicative_expression DIVIDE unary_expression
    (53) multiplicative_expression -> . multiplicative_expression MOD unary_expression
    (54) unary_expression -> . primary_expression
    (55) unary_expression -> . MINUS unary_expression
    (56) unary_expression -> . NOT unary_expression
    (57) primary_expression -> . IDENT
    (58) primary_expression -> . NUMBER
    (59) primary_expression -> . BOOL
    (60) primary_expression -> . STRING
    (61) primary_expression -> . LPAREN expression RPAREN
    (62) primary_expression -> . IDENT LPAREN args RPAREN

    SEMI            shift and go to state 14
    LBRACE          shift and go to state 15
    VAR             shift and go to state 16
    IF              shift and go to state 18
    FOR             shift and go to state 20
    WHILE           shift and go to state 21
    PRINT           shift and go to state 22
    FUNC            shift and go to state 23
    RETURN          shift and go to state 24
    IDENT           shift and go to state 17
    MINUS           shift and go to state 32
    NOT             shift and go to state 35
    NUMBER          shift and go to state 36
    BOOL            shift and go to state 37
    STRING          shift and go to state 38
    LPAREN          shift and go to state 19

    var_declaration                shift and go to state 6
    expression_statement           shift and go to state 4
    statement                      shift and go to state 137
    block_statement                shift and go to state 5
    if_statement                   shift and go to state 7
    for_statement                  shift and go to state 8
    while_statement                shift and go to state 9
    print_statement                shift and go to state 10
    func_declaration               shift and go to state 11
    return_statement               shift and go to state 12
    expression                     shift and go to state 13
    assignment_expression          shift and go to state 25
    logical_or_expression          shift and go to state 26
    logical_and_expression         shift and go to state 27
    equality_expression            shift and go to state 28
    relational_expression          shift and go to state 29
    additive_expression            shift and go to state 30
    multiplicative_expression      shift and go to state 31
    unary_expression               shift and go to state 33
    primary_expression             shift and go to state 34

state 124

    (27) while_statement -> WHILE LPAREN expression RPAREN statement .

    SEMI            reduce using rule 27 (while_statement -> WHILE LPAREN expression RPAREN statement .)
    LBRACE          reduce using rule 27 (while_statement -> WHILE LPAREN expression RPAREN statement .)
    VAR             reduce using rule 27 (while_statement -> WHILE LPAREN expression RPAREN statement .)
    IF              reduce using rule 27 (while_statement -> WHILE LPAREN expression RPAREN statement .)
    FOR             reduce using rule 27 (while_statement -> WHILE LPAREN expression RPAREN statement .)
    WHILE           reduce using rule 27 (while_statement -> WHILE LPAREN expression RPAREN statement .)
    PRINT           reduce using rule 27 (while_statement -> WHILE LPAREN expression RPAREN statement .)
    FUNC            reduce using rule 27 (while_statement -> WHILE LPAREN expression RPAREN statement .)
    RETURN          reduce using rule 27 (while_statement -> WHILE LPAREN expression RPAREN statement .)
    IDENT           reduce using rule 27 (while_statement -> WHILE LPAREN expression RPAREN statement .)
    MINUS           reduce using rule 27 (while_statement -> WHILE LPAREN expression RPAREN statement .)
    NOT             reduce using rule 27 (while_statement -> WHILE LPAREN expression RPAREN statement .)
    NUMBER          reduce using rule 27 (while_statement -> WHILE LPAREN expression RPAREN statement .)
    BOOL            reduce using rule 27 (while_statement -> WHILE LPAREN expression RPAREN statement .)
    STRING          reduce using rule 27 (while_statement -> WHILE LPAREN expression RPAREN statement .)
    LPAREN          reduce using rule 27 (while_statement -> WHILE LPAREN expression RPAREN statement .)
    $end            reduce using rule 27 (while_statement -> WHILE LPAREN expression RPAREN statement .)
    RBRACE          reduce using rule 27 (while_statement -> WHILE LPAREN expression RPAREN statement .)
    ELSE            reduce using rule 27 (while_statement -> WHILE LPAREN expression RPAREN statement .)


state 125

    (28) print_statement -> PRINT LPAREN expression_list RPAREN SEMI .

    SEMI            reduce using rule 28 (print_statement -> PRINT LPAREN expression_list RPAREN SEMI .)
    LBRACE          reduce using rule 28 (print_statement -> PRINT LPAREN expression_list RPAREN SEMI .)
    VAR             reduce using rule 28 (print_statement -> PRINT LPAREN expression_list RPAREN SEMI .)
    IF              reduce using rule 28 (print_statement -> PRINT LPAREN expression_list RPAREN SEMI .)
    FOR             reduce using rule 28 (print_statement -> PRINT LPAREN expression_list RPAREN SEMI .)
    WHILE           reduce using rule 28 (print_statement -> PRINT LPAREN expression_list RPAREN SEMI .)
    PRINT           reduce using rule 28 (print_statement -> PRINT LPAREN expression_list RPAREN SEMI .)
    FUNC            reduce using rule 28 (print_statement -> PRINT LPAREN expression_list RPAREN SEMI .)
    RETURN          reduce using rule 28 (print_statement -> PRINT LPAREN expression_list RPAREN SEMI .)
    IDENT           reduce using rule 28 (print_statement -> PRINT LPAREN expression_list RPAREN SEMI .)
    MINUS           reduce using rule 28 (print_statement -> PRINT LPAREN expression_list RPAREN SEMI .)
    NOT             reduce using rule 28 (print_statement -> PRINT LPAREN expression_list RPAREN SEMI .)
    NUMBER          reduce using rule 28 (print_statement -> PRINT LPAREN expression_list RPAREN SEMI .)
    BOOL            reduce using rule 28 (print_statement -> PRINT LPAREN expression_list RPAREN SEMI .)
    STRING          reduce using rule 28 (print_statement -> PRINT LPAREN expression_list RPAREN SEMI .)
    LPAREN          reduce using rule 28 (print_statement -> PRINT LPAREN expression_list RPAREN SEMI .)
    $end            reduce using rule 28 (print_statement -> PRINT LPAREN expression_list RPAREN SEMI .)
    RBRACE          reduce using rule 28 (print_statement -> PRINT LPAREN expression_list RPAREN SEMI .)
    ELSE            reduce using rule 28 (print_statement -> PRINT LPAREN expression_list RPAREN SEMI .)


state 126

    (30) expression_list -> expression_list COMMA expression .

    RPAREN          reduce using rule 30 (expression_list -> expression_list COMMA expression .)
    COMMA           reduce using rule 30 (expression_list -> expression_list COMMA expression .)


state 127

    (71) param -> IDENT COLON . type
    (18) type -> . TYPE

    TYPE            shift and go to state 102

    type                           shift and go to state 138

state 128

    (65) func_declaration -> FUNC IDENT LPAREN params RPAREN . COLON type block_statement
    (67) func_declaration -> FUNC IDENT LPAREN params RPAREN . block_statement
    (15) block_statement -> . LBRACE statement_list RBRACE

    COLON           shift and go to state 139
    LBRACE          shift and go to state 15

    block_statement                shift and go to state 140

state 129

    (70) params -> params COMMA . param
    (71) param -> . IDENT COLON type

    IDENT           shift and go to state 112

    param                          shift and go to state 141

state 130

    (66) func_declaration -> FUNC IDENT LPAREN RPAREN COLON . type block_statement
    (18) type -> . TYPE

    TYPE            shift and go to state 102

    type                           shift and go to state 142

state 131

    (68) func_declaration -> FUNC IDENT LPAREN RPAREN block_statement .

    SEMI            reduce using rule 68 (func_declaration -> FUNC IDENT LPAREN RPAREN block_statement .)
    LBRACE          reduce using rule 68 (func_declaration -> FUNC IDENT LPAREN RPAREN block_statement .)
    VAR             reduce using rule 68 (func_declaration -> FUNC IDENT LPAREN RPAREN block_statement .)
    IF              reduce using rule 68 (func_declaration -> FUNC IDENT LPAREN RPAREN block_statement .)
    FOR             reduce using rule 68 (func_declaration -> FUNC IDENT LPAREN RPAREN block_statement .)
    WHILE           reduce using rule 68 (func_declaration -> FUNC IDENT LPAREN RPAREN block_statement .)
    PRINT           reduce using rule 68 (func_declaration -> FUNC IDENT LPAREN RPAREN block_statement .)
    FUNC            reduce using rule 68 (func_declaration -> FUNC IDENT LPAREN RPAREN block_statement .)
    RETURN          reduce using rule 68 (func_declaration -> FUNC IDENT LPAREN RPAREN block_statement .)
    IDENT           reduce using rule 68 (func_declaration -> FUNC IDENT LPAREN RPAREN block_statement .)
    MINUS           reduce using rule 68 (func_declaration -> FUNC IDENT LPAREN RPAREN block_statement .)
    NOT             reduce using rule 68 (func_declaration -> FUNC IDENT LPAREN RPAREN block_statement .)
    NUMBER          reduce using rule 68 (func_declaration -> FUNC IDENT LPAREN RPAREN block_statement .)
    BOOL            reduce using rule 68 (func_declaration -> FUNC IDENT LPAREN RPAREN block_statement .)
    STRING          reduce using rule 68 (func_declaration -> FUNC IDENT LPAREN RPAREN block_statement .)
    LPAREN          reduce using rule 68 (func_declaration -> FUNC IDENT LPAREN RPAREN block_statement .)
    $end            reduce using rule 68 (func_declaration -> FUNC IDENT LPAREN RPAREN block_statement .)
    RBRACE          reduce using rule 68 (func_declaration -> FUNC IDENT LPAREN RPAREN block_statement .)
    ELSE            reduce using rule 68 (func_declaration -> FUNC IDENT LPAREN RPAREN block_statement .)


state 132

    (17) var_declaration -> VAR IDENT COLON type ASSIGN expression . SEMI

    SEMI            shift and go to state 143


state 133

    (20) if_statement -> IF LPAREN expression RPAREN statement ELSE . statement
    (4) statement -> . expression_statement
    (5) statement -> . block_statement
    (6) statement -> . var_declaration
    (7) statement -> . if_statement
    (8) statement -> . for_statement
    (9) statement -> . while_statement
    (10) statement -> . print_statement
    (11) statement -> . func_declaration
    (12) statement -> . return_statement
    (13) expression_statement -> . expression SEMI
    (14) expression_statement -> . SEMI
    (15) block_statement -> . LBRACE statement_list RBRACE
    (16) var_declaration -> . VAR IDENT COLON type SEMI
    (17) var_declaration -> . VAR IDENT COLON type ASSIGN expression SEMI
    (19) if_statement -> . IF LPAREN expression RPAREN statement
    (20) if_statement -> . IF LPAREN expression RPAREN statement ELSE statement
    (21) for_statement -> . FOR LPAREN expression_statement expression_statement expression RPAREN statement
    (22) for_statement -> . FOR LPAREN var_declaration expression_statement expression RPAREN statement
    (23) for_statement -> . FOR LPAREN expression_statement expression_statement RPAREN statement
    (24) for_statement -> . FOR LPAREN var_declaration expression_statement RPAREN statement
    (25) for_statement -> . FOR LPAREN RPAREN statement
    (26) for_statement -> . FOR statement
    (27) while_statement -> . WHILE LPAREN expression RPAREN statement
    (28) print_statement -> . PRINT LPAREN expression_list RPAREN SEMI
    (65) func_declaration -> . FUNC IDENT LPAREN params RPAREN COLON type block_statement
    (66) func_declaration -> . FUNC IDENT LPAREN RPAREN COLON type block_statement
    (67) func_declaration -> . FUNC IDENT LPAREN params RPAREN block_statement
    (68) func_declaration -> . FUNC IDENT LPAREN RPAREN block_statement
    (72) return_statement -> . RETURN expression SEMI
    (73) return_statement -> . RETURN SEMI
    (31) expression -> . assignment_expression
    (32) expression -> . logical_or_expression
    (33) assignment_expression -> . IDENT ASSIGN expression
    (34) assignment_expression -> . IDENT DECLARE expression
    (35) logical_or_expression -> . logical_and_expression
    (36) logical_or_expression -> . logical_or_expression OR logical_and_expression
    (37) logical_and_expression -> . equality_expression
    (38) logical_and_expression -> . logical_and_expression AND equality_expression
    (39) equality_expression -> . relational_expression
    (40) equality_expression -> . equality_expression EQ relational_expression
    (41) equality_expression -> . equality_expression NE relational_expression
    (42) relational_expression -> . additive_expression
    (43) relational_expression -> . relational_expression LT additive_expression
    (44) relational_expression -> . relational_expression LE additive_expression
    (45) relational_expression -> . relational_expression GT additive_expression
    (46) relational_expression -> . relational_expression GE additive_expression
    (47) additive_expression -> . multiplicative_expression
    (48) additive_expression -> . additive_expression PLUS multiplicative_expression
    (49) additive_expression -> . additive_expression MINUS multiplicative_expression
    (50) multiplicative_expression -> . unary_expression
    (51) multiplicative_expression -> . multiplicative_expression TIMES unary_expression
    (52) multiplicative_expression -> . multiplicative_expression DIVIDE unary_expression
    (53) multiplicative_expression -> . multiplicative_expression MOD unary_expression
    (54) unary_expression -> . primary_expression
    (55) unary_expression -> . MINUS unary_expression
    (56) unary_expression -> . NOT unary_expression
    (57) primary_expression -> . IDENT
    (58) primary_expression -> . NUMBER
    (59) primary_expression -> . BOOL
    (60) primary_expression -> . STRING
    (61) primary_expression -> . LPAREN expression RPAREN
    (62) primary_expression -> . IDENT LPAREN args RPAREN

    SEMI            shift and go to state 14
    LBRACE          shift and go to state 15
    VAR             shift and go to state 16
    IF              shift and go to state 18
    FOR             shift and go to state 20
    WHILE           shift and go to state 21
    PRINT           shift and go to state 22
    FUNC            shift and go to state 23
    RETURN          shift and go to state 24
    IDENT           shift and go to state 17
    MINUS           shift and go to state 32
    NOT             shift and go to state 35
    NUMBER          shift and go to state 36
    BOOL            shift and go to state 37
    STRING          shift and go to state 38
    LPAREN          shift and go to state 19

    expression                     shift and go to state 13
    statement                      shift and go to state 144
    expression_statement           shift and go to state 4
    block_statement                shift and go to state 5
    var_declaration                shift and go to state 6
    if_statement                   shift and go to state 7
    for_statement                  shift and go to state 8
    while_statement                shift and go to state 9
    print_statement                shift and go to state 10
    func_declaration               shift and go to state 11
    return_statement               shift and go to state 12
    assignment_expression          shift and go to state 25
    logical_or_expression          shift and go to state 26
    logical_and_expression         shift and go to state 27
    equality_expression            shift and go to state 28
    relational_expression          shift and go to state 29
    additive_expression            shift and go to state 30
    multiplicative_expression      shift and go to state 31
    unary_expression               shift and go to state 33
    primary_expression             shift and go to state 34

state 134

    (21) for_statement -> FOR LPAREN expression_statement expression_statement expression RPAREN . statement
    (4) statement -> . expression_statement
    (5) statement -> . block_statement
    (6) statement -> . var_declaration
    (7) statement -> . if_statement
    (8) statement -> . for_statement
    (9) statement -> . while_statement
    (10) statement -> . print_statement
    (11) statement -> . func_declaration
    (12) statement -> . return_statement
    (13) expression_statement -> . expression SEMI
    (14) expression_statement -> . SEMI
    (15) block_statement -> . LBRACE statement_list RBRACE
    (16) var_declaration -> . VAR IDENT COLON type SEMI
    (17) var_declaration -> . VAR IDENT COLON type ASSIGN expression SEMI
    (19) if_statement -> . IF LPAREN expression RPAREN statement
    (20) if_statement -> . IF LPAREN expression RPAREN statement ELSE statement
    (21) for_statement -> . FOR LPAREN expression_statement expression_statement expression RPAREN statement
    (22) for_statement -> . FOR LPAREN var_declaration expression_statement expression RPAREN statement
    (23) for_statement -> . FOR LPAREN expression_statement expression_statement RPAREN statement
    (24) for_statement -> . FOR LPAREN var_declaration expression_statement RPAREN statement
    (25) for_statement -> . FOR LPAREN RPAREN statement
    (26) for_statement -> . FOR statement
    (27) while_statement -> . WHILE LPAREN expression RPAREN statement
    (28) print_statement -> . PRINT LPAREN expression_list RPAREN SEMI
    (65) func_declaration -> . FUNC IDENT LPAREN params RPAREN COLON type block_statement
    (66) func_declaration -> . FUNC IDENT LPAREN RPAREN COLON type block_statement
    (67) func_declaration -> . FUNC IDENT LPAREN params RPAREN block_statement
    (68) func_declaration -> . FUNC IDENT LPAREN RPAREN block_statement
    (72) return_statement -> . RETURN expression SEMI
    (73) return_statement -> . RETURN SEMI
    (31) expression -> . assignment_expression
    (32) expression -> . logical_or_expression
    (33) assignment_expression -> . IDENT ASSIGN expression
    (34) assignment_expression -> . IDENT DECLARE expression
    (35) logical_or_expression -> . logical_and_expression
    (36) logical_or_expression -> . logical_or_expression OR logical_and_expression
    (37) logical_and_expression -> . equality_expression
    (38) logical_and_expression -> . logical_and_expression AND equality_expression
    (39) equality_expression -> . relational_expression
    (40) equality_expression -> . equality_expression EQ relational_expression
    (41) equality_expression -> . equality_expression NE relational_expression
    (42) relational_expression -> . additive_expression
    (43) relational_expression -> . relational_expression LT additive_expression
    (44) relational_expression -> . relational_expression LE additive_expression
    (45) relational_expression -> . relational_expression GT additive_expression
    (46) relational_expression -> . relational_expression GE additive_expression
    (47) additive_expression -> . multiplicative_expression
    (48) additive_expression -> . additive_expression PLUS multiplicative_expression
    (49) additive_expression -> . additive_expression MINUS multiplicative_expression
    (50) multiplicative_expression -> . unary_expression
    (51) multiplicative_expression -> . multiplicative_expression TIMES unary_expression
    (52) multiplicative_expression -> . multiplicative_expression DIVIDE unary_expression
    (53) multiplicative_expression -> . multiplicative_expression MOD unary_expression
    (54) unary_expression -> . primary_expression
    (55) unary_expression -> . MINUS unary_expression
    (56) unary_expression -> . NOT unary_expression
    (57) primary_expression -> . IDENT
    (58) primary_expression -> . NUMBER
    (59) primary_expression -> . BOOL
    (60) primary_expression -> . STRING
    (61) primary_expression -> . LPAREN expression RPAREN
    (62) primary_expression -> . IDENT LPAREN args RPAREN

    SEMI            shift and go to state 14
    LBRACE          shift and go to state 15
    VAR             shift and go to state 16
    IF              shift and go to state 18
    FOR             shift and go to state 20
    WHILE           shift and go to state 21
    PRINT           shift and go to state 22
    FUNC            shift and go to state 23
    RETURN          shift and go to state 24
    IDENT           shift and go to state 17
    MINUS           shift and go to state 32
    NOT             shift and go to state 35
    NUMBER          shift and go to state 36
    BOOL            shift and go to state 37
    STRING          shift and go to state 38
    LPAREN          shift and go to state 19

    expression_statement           shift and go to state 4
    expression                     shift and go to state 13
    statement                      shift and go to state 145
    block_statement                shift and go to state 5
    var_declaration                shift and go to state 6
    if_statement                   shift and go to state 7
    for_statement                  shift and go to state 8
    while_statement                shift and go to state 9
    print_statement                shift and go to state 10
    func_declaration               shift and go to state 11
    return_statement               shift and go to state 12
    assignment_expression          shift and go to state 25
    logical_or_expression          shift and go to state 26
    logical_and_expression         shift and go to state 27
    equality_expression            shift and go to state 28
    relational_expression          shift and go to state 29
    additive_expression            shift and go to state 30
    multiplicative_expression      shift and go to state 31
    unary_expression               shift and go to state 33
    primary_expression             shift and go to state 34

state 135

    (23) for_statement -> FOR LPAREN expression_statement expression_statement RPAREN statement .

    SEMI            reduce using rule 23 (for_statement -> FOR LPAREN expression_statement expression_statement RPAREN statement .)
    LBRACE          reduce using rule 23 (for_statement -> FOR LPAREN expression_statement expression_statement RPAREN statement .)
    VAR             reduce using rule 23 (for_statement -> FOR LPAREN expression_statement expression_statement RPAREN statement .)
    IF              reduce using rule 23 (for_statement -> FOR LPAREN expression_statement expression_statement RPAREN statement .)
    FOR             reduce using rule 23 (for_statement -> FOR LPAREN expression_statement expression_statement RPAREN statement .)
    WHILE           reduce using rule 23 (for_statement -> FOR LPAREN expression_statement expression_statement RPAREN statement .)
    PRINT           reduce using rule 23 (for_statement -> FOR LPAREN expression_statement expression_statement RPAREN statement .)
    FUNC            reduce using rule 23 (for_statement -> FOR LPAREN expression_statement expression_statement RPAREN statement .)
    RETURN          reduce using rule 23 (for_statement -> FOR LPAREN expression_statement expression_statement RPAREN statement .)
    IDENT           reduce using rule 23 (for_statement -> FOR LPAREN expression_statement expression_statement RPAREN statement .)
    MINUS           reduce using rule 23 (for_statement -> FOR LPAREN expression_statement expression_statement RPAREN statement .)
    NOT             reduce using rule 23 (for_statement -> FOR LPAREN expression_statement expression_statement RPAREN statement .)
    NUMBER          reduce using rule 23 (for_statement -> FOR LPAREN expression_statement expression_statement RPAREN statement .)
    BOOL            reduce using rule 23 (for_statement -> FOR LPAREN expression_statement expression_statement RPAREN statement .)
    STRING          reduce using rule 23 (for_statement -> FOR LPAREN expression_statement expression_statement RPAREN statement .)
    LPAREN          reduce using rule 23 (for_statement -> FOR LPAREN expression_statement expression_statement RPAREN statement .)
    $end            reduce using rule 23 (for_statement -> FOR LPAREN expression_statement expression_statement RPAREN statement .)
    RBRACE          reduce using rule 23 (for_statement -> FOR LPAREN expression_statement expression_statement RPAREN statement .)
    ELSE            reduce using rule 23 (for_statement -> FOR LPAREN expression_statement expression_statement RPAREN statement .)


state 136

    (22) for_statement -> FOR LPAREN var_declaration expression_statement expression RPAREN . statement
    (4) statement -> . expression_statement
    (5) statement -> . block_statement
    (6) statement -> . var_declaration
    (7) statement -> . if_statement
    (8) statement -> . for_statement
    (9) statement -> . while_statement
    (10) statement -> . print_statement
    (11) statement -> . func_declaration
    (12) statement -> . return_statement
    (13) expression_statement -> . expression SEMI
    (14) expression_statement -> . SEMI
    (15) block_statement -> . LBRACE statement_list RBRACE
    (16) var_declaration -> . VAR IDENT COLON type SEMI
    (17) var_declaration -> . VAR IDENT COLON type ASSIGN expression SEMI
    (19) if_statement -> . IF LPAREN expression RPAREN statement
    (20) if_statement -> . IF LPAREN expression RPAREN statement ELSE statement
    (21) for_statement -> . FOR LPAREN expression_statement expression_statement expression RPAREN statement
    (22) for_statement -> . FOR LPAREN var_declaration expression_statement expression RPAREN statement
    (23) for_statement -> . FOR LPAREN expression_statement expression_statement RPAREN statement
    (24) for_statement -> . FOR LPAREN var_declaration expression_statement RPAREN statement
    (25) for_statement -> . FOR LPAREN RPAREN statement
    (26) for_statement -> . FOR statement
    (27) while_statement -> . WHILE LPAREN expression RPAREN statement
    (28) print_statement -> . PRINT LPAREN expression_list RPAREN SEMI
    (65) func_declaration -> . FUNC IDENT LPAREN params RPAREN COLON type block_statement
    (66) func_declaration -> . FUNC IDENT LPAREN RPAREN COLON type block_statement
    (67) func_declaration -> . FUNC IDENT LPAREN params RPAREN block_statement
    (68) func_declaration -> . FUNC IDENT LPAREN RPAREN block_statement
    (72) return_statement -> . RETURN expression SEMI
    (73) return_statement -> . RETURN SEMI
    (31) expression -> . assignment_expression
    (32) expression -> . logical_or_expression
    (33) assignment_expression -> . IDENT ASSIGN expression
    (34) assignment_expression -> . IDENT DECLARE expression
    (35) logical_or_expression -> . logical_and_expression
    (36) logical_or_expression -> . logical_or_expression OR logical_and_expression
    (37) logical_and_expression -> . equality_expression
    (38) logical_and_expression -> . logical_and_expression AND equality_expression
    (39) equality_expression -> . relational_expression
    (40) equality_expression -> . equality_expression EQ relational_expression
    (41) equality_expression -> . equality_expression NE relational_expression
    (42) relational_expression -> . additive_expression
    (43) relational_expression -> . relational_expression LT additive_expression
    (44) relational_expression -> . relational_expression LE additive_expression
    (45) relational_expression -> . relational_expression GT additive_expression
    (46) relational_expression -> . relational_expression GE additive_expression
    (47) additive_expression -> . multiplicative_expression
    (48) additive_expression -> . additive_expression PLUS multiplicative_expression
    (49) additive_expression -> . additive_expression MINUS multiplicative_expression
    (50) multiplicative_expression -> . unary_expression
    (51) multiplicative_expression -> . multiplicative_expression TIMES unary_expression
    (52) multiplicative_expression -> . multiplicative_expression DIVIDE unary_expression
    (53) multiplicative_expression -> . multiplicative_expression MOD unary_expression
    (54) unary_expression -> . primary_expression
    (55) unary_expression -> . MINUS unary_expression
    (56) unary_expression -> . NOT unary_expression
    (57) primary_expression -> . IDENT
    (58) primary_expression -> . NUMBER
    (59) primary_expression -> . BOOL
    (60) primary_expression -> . STRING
    (61) primary_expression -> . LPAREN expression RPAREN
    (62) primary_expression -> . IDENT LPAREN args RPAREN

    SEMI            shift and go to state 14
    LBRACE          shift and go to state 15
    VAR             shift and go to state 16
    IF              shift and go to state 18
    FOR             shift and go to state 20
    WHILE           shift and go to state 21
    PRINT           shift and go to state 22
    FUNC            shift and go to state 23
    RETURN          shift and go to state 24
    IDENT           shift and go to state 17
    MINUS           shift and go to state 32
    NOT             shift and go to state 35
    NUMBER          shift and go to state 36
    BOOL            shift and go to state 37
    STRING          shift and go to state 38
    LPAREN          shift and go to state 19

    var_declaration                shift and go to state 6
    expression_statement           shift and go to state 4
    expression                     shift and go to state 13
    statement                      shift and go to state 146
    block_statement                shift and go to state 5
    if_statement                   shift and go to state 7
    for_statement                  shift and go to state 8
    while_statement                shift and go to state 9
    print_statement                shift and go to state 10
    func_declaration               shift and go to state 11
    return_statement               shift and go to state 12
    assignment_expression          shift and go to state 25
    logical_or_expression          shift and go to state 26
    logical_and_expression         shift and go to state 27
    equality_expression            shift and go to state 28
    relational_expression          shift and go to state 29
    additive_expression            shift and go to state 30
    multiplicative_expression      shift and go to state 31
    unary_expression               shift and go to state 33
    primary_expression             shift and go to state 34

state 137

    (24) for_statement -> FOR LPAREN var_declaration expression_statement RPAREN statement .

    SEMI            reduce using rule 24 (for_statement -> FOR LPAREN var_declaration expression_statement RPAREN statement .)
    LBRACE          reduce using rule 24 (for_statement -> FOR LPAREN var_declaration expression_statement RPAREN statement .)
    VAR             reduce using rule 24 (for_statement -> FOR LPAREN var_declaration expression_statement RPAREN statement .)
    IF              reduce using rule 24 (for_statement -> FOR LPAREN var_declaration expression_statement RPAREN statement .)
    FOR             reduce using rule 24 (for_statement -> FOR LPAREN var_declaration expression_statement RPAREN statement .)
    WHILE           reduce using rule 24 (for_statement -> FOR LPAREN var_declaration expression_statement RPAREN statement .)
    PRINT           reduce using rule 24 (for_statement -> FOR LPAREN var_declaration expression_statement RPAREN statement .)
    FUNC            reduce using rule 24 (for_statement -> FOR LPAREN var_declaration expression_statement RPAREN statement .)
    RETURN          reduce using rule 24 (for_statement -> FOR LPAREN var_declaration expression_statement RPAREN statement .)
    IDENT           reduce using rule 24 (for_statement -> FOR LPAREN var_declaration expression_statement RPAREN statement .)
    MINUS           reduce using rule 24 (for_statement -> FOR LPAREN var_declaration expression_statement RPAREN statement .)
    NOT             reduce using rule 24 (for_statement -> FOR LPAREN var_declaration expression_statement RPAREN statement .)
    NUMBER          reduce using rule 24 (for_statement -> FOR LPAREN var_declaration expression_statement RPAREN statement .)
    BOOL            reduce using rule 24 (for_statement -> FOR LPAREN var_declaration expression_statement RPAREN statement .)
    STRING          reduce using rule 24 (for_statement -> FOR LPAREN var_declaration expression_statement RPAREN statement .)
    LPAREN          reduce using rule 24 (for_statement -> FOR LPAREN var_declaration expression_statement RPAREN statement .)
    $end            reduce using rule 24 (for_statement -> FOR LPAREN var_declaration expression_statement RPAREN statement .)
    RBRACE          reduce using rule 24 (for_statement -> FOR LPAREN var_declaration expression_statement RPAREN statement .)
    ELSE            reduce using rule 24 (for_statement -> FOR LPAREN var_declaration expression_statement RPAREN statement .)


state 138

    (71) param -> IDENT COLON type .

    RPAREN          reduce using rule 71 (param -> IDENT COLON type .)
    COMMA           reduce using rule 71 (param -> IDENT COLON type .)


state 139

    (65) func_declaration -> FUNC IDENT LPAREN params RPAREN COLON . type block_statement
    (18) type -> . TYPE

    TYPE            shift and go to state 102

    type                           shift and go to state 147

state 140

    (67) func_declaration -> FUNC IDENT LPAREN params RPAREN block_statement .

    SEMI            reduce using rule 67 (func_declaration -> FUNC IDENT LPAREN params RPAREN block_statement .)
    LBRACE          reduce using rule 67 (func_declaration -> FUNC IDENT LPAREN params RPAREN block_statement .)
    VAR             reduce using rule 67 (func_declaration -> FUNC IDENT LPAREN params RPAREN block_statement .)
    IF              reduce using rule 67 (func_declaration -> FUNC IDENT LPAREN params RPAREN block_statement .)
    FOR             reduce using rule 67 (func_declaration -> FUNC IDENT LPAREN params RPAREN block_statement .)
    WHILE           reduce using rule 67 (func_declaration -> FUNC IDENT LPAREN params RPAREN block_statement .)
    PRINT           reduce using rule 67 (func_declaration -> FUNC IDENT LPAREN params RPAREN block_statement .)
    FUNC            reduce using rule 67 (func_declaration -> FUNC IDENT LPAREN params RPAREN block_statement .)
    RETURN          reduce using rule 67 (func_declaration -> FUNC IDENT LPAREN params RPAREN block_statement .)
    IDENT           reduce using rule 67 (func_declaration -> FUNC IDENT LPAREN params RPAREN block_statement .)
    MINUS           reduce using rule 67 (func_declaration -> FUNC IDENT LPAREN params RPAREN block_statement .)
    NOT             reduce using rule 67 (func_declaration -> FUNC IDENT LPAREN params RPAREN block_statement .)
    NUMBER          reduce using rule 67 (func_declaration -> FUNC IDENT LPAREN params RPAREN block_statement .)
    BOOL            reduce using rule 67 (func_declaration -> FUNC IDENT LPAREN params RPAREN block_statement .)
    STRING          reduce using rule 67 (func_declaration -> FUNC IDENT LPAREN params RPAREN block_statement .)
    LPAREN          reduce using rule 67 (func_declaration -> FUNC IDENT LPAREN params RPAREN block_statement .)
    $end            reduce using rule 67 (func_declaration -> FUNC IDENT LPAREN params RPAREN block_statement .)
    RBRACE          reduce using rule 67 (func_declaration -> FUNC IDENT LPAREN params RPAREN block_statement .)
    ELSE            reduce using rule 67 (func_declaration -> FUNC IDENT LPAREN params RPAREN block_statement .)


state 141

    (70) params -> params COMMA param .

    RPAREN          reduce using rule 70 (params -> params COMMA param .)
    COMMA           reduce using rule 70 (params -> params COMMA param .)


state 142

    (66) func_declaration -> FUNC IDENT LPAREN RPAREN COLON type . block_statement
    (15) block_statement -> . LBRACE statement_list RBRACE

    LBRACE          shift and go to state 15

    block_statement                shift and go to state 148

state 143

    (17) var_declaration -> VAR IDENT COLON type ASSIGN expression SEMI .

    SEMI            reduce using rule 17 (var_declaration -> VAR IDENT COLON type ASSIGN expression SEMI .)
    LBRACE          reduce using rule 17 (var_declaration -> VAR IDENT COLON type ASSIGN expression SEMI .)
    VAR             reduce using rule 17 (var_declaration -> VAR IDENT COLON type ASSIGN expression SEMI .)
    IF              reduce using rule 17 (var_declaration -> VAR IDENT COLON type ASSIGN expression SEMI .)
    FOR             reduce using rule 17 (var_declaration -> VAR IDENT COLON type ASSIGN expression SEMI .)
    WHILE           reduce using rule 17 (var_declaration -> VAR IDENT COLON type ASSIGN expression SEMI .)
    PRINT           reduce using rule 17 (var_declaration -> VAR IDENT COLON type ASSIGN expression SEMI .)
    FUNC            reduce using rule 17 (var_declaration -> VAR IDENT COLON type ASSIGN expression SEMI .)
    RETURN          reduce using rule 17 (var_declaration -> VAR IDENT COLON type ASSIGN expression SEMI .)
    IDENT           reduce using rule 17 (var_declaration -> VAR IDENT COLON type ASSIGN expression SEMI .)
    MINUS           reduce using rule 17 (var_declaration -> VAR IDENT COLON type ASSIGN expression SEMI .)
    NOT             reduce using rule 17 (var_declaration -> VAR IDENT COLON type ASSIGN expression SEMI .)
    NUMBER          reduce using rule 17 (var_declaration -> VAR IDENT COLON type ASSIGN expression SEMI .)
    BOOL            reduce using rule 17 (var_declaration -> VAR IDENT COLON type ASSIGN expression SEMI .)
    STRING          reduce using rule 17 (var_declaration -> VAR IDENT COLON type ASSIGN expression SEMI .)
    LPAREN          reduce using rule 17 (var_declaration -> VAR IDENT COLON type ASSIGN expression SEMI .)
    $end            reduce using rule 17 (var_declaration -> VAR IDENT COLON type ASSIGN expression SEMI .)
    RBRACE          reduce using rule 17 (var_declaration -> VAR IDENT COLON type ASSIGN expression SEMI .)
    ELSE            reduce using rule 17 (var_declaration -> VAR IDENT COLON type ASSIGN expression SEMI .)


state 144

    (20) if_statement -> IF LPAREN expression RPAREN statement ELSE statement .

    SEMI            reduce using rule 20 (if_statement -> IF LPAREN expression RPAREN statement ELSE statement .)
    LBRACE          reduce using rule 20 (if_statement -> IF LPAREN expression RPAREN statement ELSE statement .)
    VAR             reduce using rule 20 (if_statement -> IF LPAREN expression RPAREN statement ELSE statement .)
    IF              reduce using rule 20 (if_statement -> IF LPAREN expression RPAREN statement ELSE statement .)
    FOR             reduce using rule 20 (if_statement -> IF LPAREN expression RPAREN statement ELSE statement .)
    WHILE           reduce using rule 20 (if_statement -> IF LPAREN expression RPAREN statement ELSE statement .)
    PRINT           reduce using rule 20 (if_statement -> IF LPAREN expression RPAREN statement ELSE statement .)
    FUNC            reduce using rule 20 (if_statement -> IF LPAREN expression RPAREN statement ELSE statement .)
    RETURN          reduce using rule 20 (if_statement -> IF LPAREN expression RPAREN statement ELSE statement .)
    IDENT           reduce using rule 20 (if_statement -> IF LPAREN expression RPAREN statement ELSE statement .)
    MINUS           reduce using rule 20 (if_statement -> IF LPAREN expression RPAREN statement ELSE statement .)
    NOT             reduce using rule 20 (if_statement -> IF LPAREN expression RPAREN statement ELSE statement .)
    NUMBER          reduce using rule 20 (if_statement -> IF LPAREN expression RPAREN statement ELSE statement .)
    BOOL            reduce using rule 20 (if_statement -> IF LPAREN expression RPAREN statement ELSE statement .)
    STRING          reduce using rule 20 (if_statement -> IF LPAREN expression RPAREN statement ELSE statement .)
    LPAREN          reduce using rule 20 (if_statement -> IF LPAREN expression RPAREN statement ELSE statement .)
    $end            reduce using rule 20 (if_statement -> IF LPAREN expression RPAREN statement ELSE statement .)
    RBRACE          reduce using rule 20 (if_statement -> IF LPAREN expression RPAREN statement ELSE statement .)
    ELSE            reduce using rule 20 (if_statement -> IF LPAREN expression RPAREN statement ELSE statement .)


state 145

    (21) for_statement -> FOR LPAREN expression_statement expression_statement expression RPAREN statement .

    SEMI            reduce using rule 21 (for_statement -> FOR LPAREN expression_statement expression_statement expression RPAREN statement .)
    LBRACE          reduce using rule 21 (for_statement -> FOR LPAREN expression_statement expression_statement expression RPAREN statement .)
    VAR             reduce using rule 21 (for_statement -> FOR LPAREN expression_statement expression_statement expression RPAREN statement .)
    IF              reduce using rule 21 (for_statement -> FOR LPAREN expression_statement expression_statement expression RPAREN statement .)
    FOR             reduce using rule 21 (for_statement -> FOR LPAREN expression_statement expression_statement expression RPAREN statement .)
    WHILE           reduce using rule 21 (for_statement -> FOR LPAREN expression_statement expression_statement expression RPAREN statement .)
    PRINT           reduce using rule 21 (for_statement -> FOR LPAREN expression_statement expression_statement expression RPAREN statement .)
    FUNC            reduce using rule 21 (for_statement -> FOR LPAREN expression_statement expression_statement expression RPAREN statement .)
    RETURN          reduce using rule 21 (for_statement -> FOR LPAREN expression_statement expression_statement expression RPAREN statement .)
    IDENT           reduce using rule 21 (for_statement -> FOR LPAREN expression_statement expression_statement expression RPAREN statement .)
    MINUS           reduce using rule 21 (for_statement -> FOR LPAREN expression_statement expression_statement expression RPAREN statement .)
    NOT             reduce using rule 21 (for_statement -> FOR LPAREN expression_statement expression_statement expression RPAREN statement .)
    NUMBER          reduce using rule 21 (for_statement -> FOR LPAREN expression_statement expression_statement expression RPAREN statement .)
    BOOL            reduce using rule 21 (for_statement -> FOR LPAREN expression_statement expression_statement expression RPAREN statement .)
    STRING          reduce using rule 21 (for_statement -> FOR LPAREN expression_statement expression_statement expression RPAREN statement .)
    LPAREN          reduce using rule 21 (for_statement -> FOR LPAREN expression_statement expression_statement expression RPAREN statement .)
    $end            reduce using rule 21 (for_statement -> FOR LPAREN expression_statement expression_statement expression RPAREN statement .)
    RBRACE          reduce using rule 21 (for_statement -> FOR LPAREN expression_statement expression_statement expression RPAREN statement .)
    ELSE            reduce using rule 21 (for_statement -> FOR LPAREN expression_statement expression_statement expression RPAREN statement .)


state 146

    (22) for_statement -> FOR LPAREN var_declaration expression_statement expression RPAREN statement .

    SEMI            reduce using rule 22 (for_statement -> FOR LPAREN var_declaration expression_statement expression RPAREN statement .)
    LBRACE          reduce using rule 22 (for_statement -> FOR LPAREN var_declaration expression_statement expression RPAREN statement .)
    VAR             reduce using rule 22 (for_statement -> FOR LPAREN var_declaration expression_statement expression RPAREN statement .)
    IF              reduce using rule 22 (for_statement -> FOR LPAREN var_declaration expression_statement expression RPAREN statement .)
    FOR             reduce using rule 22 (for_statement -> FOR LPAREN var_declaration expression_statement expression RPAREN statement .)
    WHILE           reduce using rule 22 (for_statement -> FOR LPAREN var_declaration expression_statement expression RPAREN statement .)
    PRINT           reduce using rule 22 (for_statement -> FOR LPAREN var_declaration expression_statement expression RPAREN statement .)
    FUNC            reduce using rule 22 (for_statement -> FOR LPAREN var_declaration expression_statement expression RPAREN statement .)
    RETURN          reduce using rule 22 (for_statement -> FOR LPAREN var_declaration expression_statement expression RPAREN statement .)
    IDENT           reduce using rule 22 (for_statement -> FOR LPAREN var_declaration expression_statement expression RPAREN statement .)
    MINUS           reduce using rule 22 (for_statement -> FOR LPAREN var_declaration expression_statement expression RPAREN statement .)
    NOT             reduce using rule 22 (for_statement -> FOR LPAREN var_declaration expression_statement expression RPAREN statement .)
    NUMBER          reduce using rule 22 (for_statement -> FOR LPAREN var_declaration expression_statement expression RPAREN statement .)
    BOOL            reduce using rule 22 (for_statement -> FOR LPAREN var_declaration expression_statement expression RPAREN statement .)
    STRING          reduce using rule 22 (for_statement -> FOR LPAREN var_declaration expression_statement expression RPAREN statement .)
    LPAREN          reduce using rule 22 (for_statement -> FOR LPAREN var_declaration expression_statement expression RPAREN statement .)
    $end            reduce using rule 22 (for_statement -> FOR LPAREN var_declaration expression_statement expression RPAREN statement .)
    RBRACE          reduce using rule 22 (for_statement -> FOR LPAREN var_declaration expression_statement expression RPAREN statement .)
    ELSE            reduce using rule 22 (for_statement -> FOR LPAREN var_declaration expression_statement expression RPAREN statement .)


state 147

    (65) func_declaration -> FUNC IDENT LPAREN params RPAREN COLON type . block_statement
    (15) block_statement -> . LBRACE statement_list RBRACE

    LBRACE          shift and go to state 15

    block_statement                shift and go to state 149

state 148

    (66) func_declaration -> FUNC IDENT LPAREN RPAREN COLON type block_statement .

    SEMI            reduce using rule 66 (func_declaration -> FUNC IDENT LPAREN RPAREN COLON type block_statement .)
    LBRACE          reduce using rule 66 (func_declaration -> FUNC IDENT LPAREN RPAREN COLON type block_statement .)
    VAR             reduce using rule 66 (func_declaration -> FUNC IDENT LPAREN RPAREN COLON type block_statement .)
    IF              reduce using rule 66 (func_declaration -> FUNC IDENT LPAREN RPAREN COLON type block_statement .)
    FOR             reduce using rule 66 (func_declaration -> FUNC IDENT LPAREN RPAREN COLON type block_statement .)
    WHILE           reduce using rule 66 (func_declaration -> FUNC IDENT LPAREN RPAREN COLON type block_statement .)
    PRINT           reduce using rule 66 (func_declaration -> FUNC IDENT LPAREN RPAREN COLON type block_statement .)
    FUNC            reduce using rule 66 (func_declaration -> FUNC IDENT LPAREN RPAREN COLON type block_statement .)
    RETURN          reduce using rule 66 (func_declaration -> FUNC IDENT LPAREN RPAREN COLON type block_statement .)
    IDENT           reduce using rule 66 (func_declaration -> FUNC IDENT LPAREN RPAREN COLON type block_statement .)
    MINUS           reduce using rule 66 (func_declaration -> FUNC IDENT LPAREN RPAREN COLON type block_statement .)
    NOT             reduce using rule 66 (func_declaration -> FUNC IDENT LPAREN RPAREN COLON type block_statement .)
    NUMBER          reduce using rule 66 (func_declaration -> FUNC IDENT LPAREN RPAREN COLON type block_statement .)
    BOOL            reduce using rule 66 (func_declaration -> FUNC IDENT LPAREN RPAREN COLON type block_statement .)
    STRING          reduce using rule 66 (func_declaration -> FUNC IDENT LPAREN RPAREN COLON type block_statement .)
    LPAREN          reduce using rule 66 (func_declaration -> FUNC IDENT LPAREN RPAREN COLON type block_statement .)
    $end            reduce using rule 66 (func_declaration -> FUNC IDENT LPAREN RPAREN COLON type block_statement .)
    RBRACE          reduce using rule 66 (func_declaration -> FUNC IDENT LPAREN RPAREN COLON type block_statement .)
    ELSE            reduce using rule 66 (func_declaration -> FUNC IDENT LPAREN RPAREN COLON type block_statement .)


state 149

    (65) func_declaration -> FUNC IDENT LPAREN params RPAREN COLON type block_statement .

    SEMI            reduce using rule 65 (func_declaration -> FUNC IDENT LPAREN params RPAREN COLON type block_statement .)
    LBRACE          reduce using rule 65 (func_declaration -> FUNC IDENT LPAREN params RPAREN COLON type block_statement .)
    VAR             reduce using rule 65 (func_declaration -> FUNC IDENT LPAREN params RPAREN COLON type block_statement .)
    IF              reduce using rule 65 (func_declaration -> FUNC IDENT LPAREN params RPAREN COLON type block_statement .)
    FOR             reduce using rule 65 (func_declaration -> FUNC IDENT LPAREN params RPAREN COLON type block_statement .)
    WHILE           reduce using rule 65 (func_declaration -> FUNC IDENT LPAREN params RPAREN COLON type block_statement .)
    PRINT           reduce using rule 65 (func_declaration -> FUNC IDENT LPAREN params RPAREN COLON type block_statement .)
    FUNC            reduce using rule 65 (func_declaration -> FUNC IDENT LPAREN params RPAREN COLON type block_statement .)
    RETURN          reduce using rule 65 (func_declaration -> FUNC IDENT LPAREN params RPAREN COLON type block_statement .)
    IDENT           reduce using rule 65 (func_declaration -> FUNC IDENT LPAREN params RPAREN COLON type block_statement .)
    MINUS           reduce using rule 65 (func_declaration -> FUNC IDENT LPAREN params RPAREN COLON type block_statement .)
    NOT             reduce using rule 65 (func_declaration -> FUNC IDENT LPAREN params RPAREN COLON type block_statement .)
    NUMBER          reduce using rule 65 (func_declaration -> FUNC IDENT LPAREN params RPAREN COLON type block_statement .)
    BOOL            reduce using rule 65 (func_declaration -> FUNC IDENT LPAREN params RPAREN COLON type block_statement .)
    STRING          reduce using rule 65 (func_declaration -> FUNC IDENT LPAREN params RPAREN COLON type block_statement .)
    LPAREN          reduce using rule 65 (func_declaration -> FUNC IDENT LPAREN params RPAREN COLON type block_statement .)
    $end            reduce using rule 65 (func_declaration -> FUNC IDENT LPAREN params RPAREN COLON type block_statement .)
    RBRACE          reduce using rule 65 (func_declaration -> FUNC IDENT LPAREN params RPAREN COLON type block_statement .)
    ELSE            reduce using rule 65 (func_declaration -> FUNC IDENT LPAREN params RPAREN COLON type block_statement .)

WARNING: 
WARNING: Conflicts:
WARNING: 
WARNING: shift/reduce conflict for ELSE in state 119 resolved as shift
